feature,variance,log10_variance
ADC_Morph_Compacity,2.349723394544656e-05,-4.628983240646871
T2_Morph_Compactness1,2.491210225894383e-05,-4.6035896046516545
Post2_Morph_Compactness1,2.491210225894383e-05,-4.6035896046516545
Pre_Morph_Compactness1,2.491210225894383e-05,-4.6035896046516545
Post1_Morph_Compactness1,2.4963330896666063e-05,-4.602697449127286
ADC_GLCM_InverseDifferenceMoment,0.00010459174663850753,-3.9805025802530984
Post2_GLSZM_SmallZoneLowGreyLevelEmphasis,0.00010883635641542128,-3.9632260018137693
Pre_IH_RootMeanSquare_Intensity,0.000111663037222241,-3.952090559673812
Post2_IH_RootMeanSquare_Intensity,0.00012736545649969937,-3.8949483400647607
T2_GLSZM_SmallZoneLowGreyLevelEmphasis,0.00013533078545610236,-3.8686033943331255
T2_GLCM_NormalisedInverseDifferenceMoment,0.0001356046274105731,-3.867725487025979
Post1_IH_RootMeanSquare_Intensity,0.000153642384301389,-3.8134889590232017
Post1_GLSZM_SmallZoneLowGreyLevelEmphasis,0.00017108477556134223,-3.766788633062907
Post2_GLCM_NormalisedInverseDifferenceMoment,0.00025939603885162196,-3.586036658489859
ADC_GLSZM_HighGrayLevelZoneEmphasis,0.00026963554394323415,-3.5692228571101405
Pre_GLCM_NormalisedInverseDifferenceMoment,0.0002925540511320851,-3.5337938821493426
Post1_GLCM_NormalisedInverseDifferenceMoment,0.00029323304518754235,-3.53278708802759
Pre_GLSZM_SmallZoneLowGreyLevelEmphasis,0.0003206544869371831,-3.493962677241475
ADC_IH_Uniformity_Intensity,0.0003476840306617906,-3.4588152550182674
T2_IH_RootMeanSquare_Intensity,0.0003791524619738146,-3.421186118491971
Post2_NGTDM_Coarseness,0.00038884722592875324,-3.410220993877006
Pre_NGTDM_Coarseness,0.0004049987303493277,-3.3925463372022437
Post1_NGTDM_Coarseness,0.00042388628563058564,-3.3727506332949564
ADC_GLCM_InverseDifference,0.0007291252404144213,-3.137197866766374
T2_NGTDM_Coarseness,0.00080136570669562,-3.0961692459777033
T2_GLCM_NormalisedInverseDifference,0.0008131874031102125,-3.0898093569988236
Post2_GLCM_NormalisedInverseDifference,0.0009691848690139494,-3.0135933742711614
Post1_GLCM_NormalisedInverseDifference,0.0010181384581132366,-2.9921931572252793
Pre_GLCM_NormalisedInverseDifference,0.0010987188307664344,-2.959113431721441
Pre_GLSZM_NormalisedGreyLevelNonUniformity,0.0015773263192757406,-2.802078449705645
Pre_GLCM_AngularSecondMoment,0.0015849000142512397,-2.799998130414252
Pre_GLSZM_LowGrayLevelZoneEmphasis,0.0023396589097863397,-2.630847451974757
Post2_Morph_RadiusRoiNorm_CentroidCoor_WCentroidCoor_Dist,0.002833286564260911,-2.547709497693634
Post2_GLSZM_LowGrayLevelZoneEmphasis,0.0029112820738828853,-2.5359157136164185
T2_Morph_RadiusRoiNorm_CentroidCoor_WCentroidCoor_Dist,0.0029691323102876486,-2.5273704488230258
Pre_Morph_RadiusRoiNorm_CentroidCoor_WCentroidCoor_Dist,0.003556797307086498,-2.448940883334812
ADC_Morph_RadiusSphereNorm_MaxIntensityCoor_PerimeterCoor_3DSmallestDist,0.0035983099050443737,-2.4439014355738524
Post1_Morph_RadiusRoiNorm_CentroidCoor_WCentroidCoor_Dist,0.0038027531039535644,-2.419901870390946
Pre_GLRLM_ShortRunLowGreyLevelEmphasis,0.0038238125689274054,-2.4175034034883036
Post1_GLSZM_NormalisedGreyLevelNonUniformity,0.003928364140317029,-2.4057882619149367
T2_GLRLM_ShortRunLowGreyLevelEmphasis,0.004157038225488754,-2.3812159818741563
Post2_GLRLM_ShortRunLowGreyLevelEmphasis,0.00421406516576083,-2.3752987526990146
Post2_GLSZM_NormalisedZoneSizeNonUniformity,0.004410780426732762,-2.3554845612189914
Post1_GLSZM_NormalisedZoneSizeNonUniformity,0.004560613430224153,-2.340976738064079
Pre_GLRLM_ShortRunsEmphasis,0.004572064852101655,-2.3398876179214576
Pre_GLSZM_NormalisedZoneSizeNonUniformity,0.004820065319772601,-2.316947076230264
Pre_Morph_RadiusRoiNorm_MaxIntensityCoor_PerimeterCoor_3DSmallestDist,0.0048416298059779156,-2.3150084199609835
Post2_GLCM_AngularSecondMoment,0.0050970048686572395,-2.2926849514879533
Pre_GLCM_JointMaximum,0.005223511574381204,-2.2820374385541173
ADC_Morph_SphericalDisproportion,0.005232000064759623,-2.2813322592252567
Post1_Morph_RadiusRoiNorm_MaxIntensityCoor_PerimeterCoor_3DSmallestDist,0.005240134504047028,-2.280657565296807
T2_Morph_RadiusRoiNorm_MaxIntensityCoor_PerimeterCoor_3DSmallestDist,0.005283990902876924,-2.277037938672851
Post1_GLRLM_ShortRunLowGreyLevelEmphasis,0.0053352999869083866,-2.272841156477474
Post1_GLSZM_LowGrayLevelZoneEmphasis,0.005493659138382465,-2.260138290397377
ADC_GLRLM_RunEntropy,0.005502127547869927,-2.259469346129484
Pre_IH_Uniformity_Intensity,0.005563762040815048,-2.254631452751988
Post2_Morph_RadiusRoiNorm_MaxIntensityCoor_PerimeterCoor_3DSmallestDist,0.005607174624301519,-2.2512559183755725
Post2_Morph_Sphericity,0.005611962531426282,-2.25088523714739
Pre_Morph_Sphericity,0.005611962531426282,-2.25088523714739
T2_Morph_Sphericity,0.005611962531426282,-2.25088523714739
Post1_Morph_Sphericity,0.005622352310818255,-2.25008194380781
Post1_GLCM_AngularSecondMoment,0.005755476544730055,-2.2399187115454584
Post2_GLRLM_ShortRunsEmphasis,0.005816573322377091,-2.235332792845815
Post1_GLRLM_ShortRunsEmphasis,0.005911599756733746,-2.2282949773351235
T2_Morph_RadiusSphereNorm_CentroidCoor_WCentroidCoor_Dist,0.00592121757218089,-2.227588980617741
Post2_GLSZM_NormalisedGreyLevelNonUniformity,0.006327774903967663,-2.1987489781938767
Post2_Morph_RadiusSphereNorm_CentroidCoor_WCentroidCoor_Dist,0.006644679566853634,-2.1775259575757864
ADC_Morph_MaxIntensityCoor_PerimeterCoor_3DSmallestDist_mm,0.00701065224265976,-2.154241575093982
ADC_GLRLM_HighGreyLevelRunEmphasis,0.007156574918576462,-2.1452947778908307
Pre_GLRLM_RunPercentage,0.007760601182618032,-2.1101046343326852
Pre_Morph_RadiusSphereNorm_CentroidCoor_WCentroidCoor_Dist,0.008021450037610593,-2.0957471171467263
Post1_Morph_RadiusSphereNorm_CentroidCoor_WCentroidCoor_Dist,0.008155090424459829,-2.0885712190430183
Pre_GLRLM_LowGreyLevelRunEmphasis,0.008645227902986104,-2.063223553443969
ADC_GLSZM_NormalisedZoneSizeNonUniformity,0.00873983976918629,-2.05849652932919
Post2_GLCM_InverseVariance,0.008944796215250822,-2.048429549245955
Post1_GLCM_InverseVariance,0.009290801087709364,-2.0319468378463412
Post2_GLRLM_RunPercentage,0.00934737671395719,-2.0293102541616412
Pre_Morph_RadiusSphereNorm_MaxIntensityCoor_PerimeterCoor_3DSmallestDist,0.009428636398467074,-2.025551111823453
Post1_Morph_RadiusSphereNorm_MaxIntensityCoor_PerimeterCoor_3DSmallestDist,0.009728113944705493,-2.0119713511365833
Post2_IH_Uniformity_Intensity,0.009914943712108907,-2.0037097469307503
Post1_GLRLM_RunPercentage,0.009997542682958093,-2.000106732994101
Pre_GLCM_InverseVariance,0.01008585607944027,-1.9962872332735115
T2_Morph_RadiusSphereNorm_MaxIntensityCoor_PerimeterCoor_3DSmallestDist,0.010112857080491465,-1.9951261303207426
Pre_GLCM_Correlation,0.010317192857267418,-1.9864384511585769
Pre_GLSZM_SmallZoneEmphasis,0.010430174088392075,-1.9817084427305771
Post2_Morph_RadiusSphereNorm_MaxIntensityCoor_PerimeterCoor_3DSmallestDist,0.010592641883032407,-1.974995710094057
Post1_IH_Uniformity_Intensity,0.010934511244409788,-1.9612006244384497
ADC_GLCM_NormalisedInverseDifferenceMoment,0.011501245591358542,-1.9392551227251595
T2_GLSZM_ZonePercentage,0.011525702184677836,-1.9383326064089867
Post2_GLSZM_SmallZoneEmphasis,0.011708713095790926,-1.931490835557471
T2_GLCM_InverseVariance,0.011751926811601917,-1.9298909218622948
Post2_GLCM_JointMaximum,0.011842401755141108,-1.926560209466189
Post1_GLSZM_SmallZoneEmphasis,0.012547482597729318,-1.9014433979396752
ADC_Morph_Compactness1,0.012795590802335924,-1.8929396568885526
Post1_GLCM_JointMaximum,0.012807168735436055,-1.892546868541486
Post1_GLCM_Correlation,0.012901133759713622,-1.8893721219189312
Pre_Morph_Compactness2,0.01314606455745147,-1.8812042392920432
Post2_Morph_Compactness2,0.01314606455745147,-1.8812042392920432
T2_Morph_Compactness2,0.01314606455745147,-1.8812042392920432
Post1_Morph_Compactness2,0.01318082344315761,-1.880057457262276
Post2_GLCM_Correlation,0.013235148225385447,-1.8782711904759088
ADC_Morph_RadiusSphereNorm_CentroidCoor_WCentroidCoor_Dist,0.013291569615415904,-1.8764237297046256
Post2_GLRLM_LowGreyLevelRunEmphasis,0.01329569629313484,-1.8762889137831729
T2_GLSZM_NormalisedZoneSizeNonUniformity,0.015080615248107153,-1.8215809400417324
T2_GLSZM_SmallZoneEmphasis,0.015325421787803486,-1.8145875639202098
Post1_GLRLM_LowGreyLevelRunEmphasis,0.015331688739441334,-1.8144100062505144
ADC_GLSZM_ZoneSizeNonUniformity,0.01614784968207321,-1.7918853019986374
T2_GLRLM_ShortRunsEmphasis,0.01679238860268919,-1.774887524015636
Pre_GLCM_InverseDifference,0.01692083505784692,-1.7715782079340936
T2_GLRLM_RunPercentage,0.01773524194457389,-1.7511628824719407
ADC_NGTDM_Strength,0.01784767579541654,-1.7484183316252788
ADC_GLCM_ClusterProminence,0.017853389682246316,-1.7482793156318768
ADC_GLSZM_GreyLevelNonUniformity,0.018594560097046523,-1.7306140915319947
Post2_GLCM_InverseDifference,0.019538848109303758,-1.7091010431804314
ADC_NGTDM_Coarseness,0.019599256641634543,-1.7077604001804656
Post1_GLCM_InverseDifference,0.019624130836597305,-1.7072095692728737
Post2_IH_IntensityHistogramQuartileCoefficientOfDispersion_Intensity,0.0197979202649317,-1.7033804291560775
ADC_GLRLM_RunLengthNonUniformity,0.020598280811069503,-1.6861690255040862
Post1_GLSZM_ZonePercentage,0.020955532162252405,-1.6787013058332678
Pre_GLSZM_ZonePercentage,0.021409921977478187,-1.6693849153481648
ADC_GLCM_Dissimilarity,0.021656269919679283,-1.66441634421894
T2_IH_IntensityHistogramQuartileCoefficientOfDispersion_Intensity,0.02179927179537901,-1.6615580137392703
Pre_GLCM_InverseDifferenceMoment,0.021895736863544405,-1.6596404347686962
T2_GLSZM_NormalisedGreyLevelNonUniformity,0.021977837414084544,-1.6580150437096965
Post2_GLSZM_ZonePercentage,0.02240104547344859,-1.6497317123270632
ADC_GLSZM_LargeZoneEmphasis,0.02255198582723925,-1.646815210048809
T2_GLSZM_LowGrayLevelZoneEmphasis,0.022896161451168427,-1.6402373211481258
T2_IB_IntensityBasedQuartileCoefficientOfDispersion,0.02299581505576809,-1.638351192813855
Post2_IB_IntensityBasedQuartileCoefficientOfDispersion,0.023376958919649887,-1.6312119863257066
ADC_GLCM_InverseVariance,0.023404242879887138,-1.6307054035846609
ADC_Morph_Compactness2,0.023930980093754863,-1.6210395144652336
ADC_Morph_Sphericity,0.023930980093754866,-1.6210395144652336
T2_GLCM_InverseDifference,0.024110606469378917,-1.6177918653825463
Post1_IH_IntensityHistogramQuartileCoefficientOfDispersion_Intensity,0.024186209473693373,-1.6164321900596224
Post2_GLCM_InverseDifferenceMoment,0.024604038078293963,-1.608993609496833
T2_IH_IntensityHistogramCoefficientOfVariation_Intensity,0.02466543613936793,-1.6079112008310519
Pre_IH_IntensityHistogramQuartileCoefficientOfDispersion_Intensity,0.02483756548196135,-1.6048909748855997
Post1_GLCM_InverseDifferenceMoment,0.025653446820905056,-1.5908542744054164
T2_NGTDM_Contrast,0.02630320064563233,-1.5799914021339467
T2_Morph_SphericalDisproportion,0.02687182376198885,-1.5707028574475932
Pre_Morph_SphericalDisproportion,0.02687182376198885,-1.5707028574475932
Post2_Morph_SphericalDisproportion,0.02687182376198885,-1.5707028574475932
T2_Morph_Asphericity,0.026871823761988854,-1.5707028574475932
Pre_Morph_Asphericity,0.026871823761988854,-1.5707028574475932
Post2_Morph_Asphericity,0.026871823761988854,-1.5707028574475932
Post1_Morph_Asphericity,0.026900792316144298,-1.5702349284029373
Post1_Morph_SphericalDisproportion,0.0269007923161443,-1.5702349284029373
Pre_IB_IntensityBasedQuartileCoefficientOfDispersion,0.02727927864727336,-1.5641671180044299
Post1_IB_IntensityBasedQuartileCoefficientOfDispersion,0.027493895755050853,-1.5607637183055842
T2_Morph_RadiusRoiNorm_MaxIntensityCoor_PerimeterCoor_2DAxialSmallestDist,0.028175923564738827,-1.5501218395079341
ADC_Morph_CentreOfMassShift_mm,0.028291591441543824,-1.5483426221691858
ADC_GLCM_NormalisedInverseDifference,0.028306061322955992,-1.5481205567837557
T2_GLCM_Correlation,0.02889146699224572,-1.5392304058575526
Pre_Morph_RadiusRoiNorm_MaxIntensityCoor_PerimeterCoor_2DAxialSmallestDist,0.029630144661404442,-1.5282662281712949
ADC_Morph_RadiusSphereNorm_MaxIntensityCoor_RoiCentroidCoor_Dist,0.031162644937559308,-1.5063656885645396
Pre_Morph_RadiusRoiNorm_MaxIntensityCoor_RoiCentroidCoor_Dist,0.03146746471366282,-1.5021382461171633
Pre_Morph_RadiusRoiNorm_MaxIntensityCoor_PerimeterCoor_2DSagittalSmallestDist,0.031608190891527374,-1.5002003604678107
T2_GLCM_InverseDifferenceMoment,0.03214522671263564,-1.49288350690253
Post1_Morph_RadiusRoiNorm_MaxIntensityCoor_PerimeterCoor_2DAxialSmallestDist,0.032259310723708655,-1.491344916291557
Post2_Morph_RadiusRoiNorm_MaxIntensityCoor_PerimeterCoor_2DAxialSmallestDist,0.033516963878026496,-1.4747353286546632
Post2_Morph_RadiusRoiNorm_MaxIntensityCoor_RoiCentroidCoor_Dist,0.03354554739501464,-1.4743651169158831
Post1_Morph_RadiusRoiNorm_MaxIntensityCoor_RoiCentroidCoor_Dist,0.03403842255531887,-1.4680305746438602
Post2_IH_IntensityHistogramCoefficientOfVariation_Intensity,0.03418193039988255,-1.4662034144421474
T2_GLRLM_LowGreyLevelRunEmphasis,0.03459103063666128,-1.4610364980150992
T2_IB_IntensityBasedCoefficientOfVariation,0.03506426042450209,-1.4551353167968732
ADC_Morph_RadiusSphereNorm_MaxIntensityCoor_PerimeterCoor_2DSagittalSmallestDist,0.037689812320968054,-1.4237760251329523
T2_Morph_RadiusRoiNorm_MaxIntensityCoor_RoiCentroidCoor_Dist,0.038080464814918634,-1.4192977591910152
T2_IH_Uniformity_Intensity,0.03810825437542775,-1.4189809444854584
T2_GLCM_AngularSecondMoment,0.038227080474349785,-1.4176288691759027
Post1_IH_IntensityHistogramCoefficientOfVariation_Intensity,0.039248923198746725,-1.4061722536912906
T2_GLCM_JointMaximum,0.043106224158181126,-1.36546001701272
ADC_IH_AreaUnderCurveCIVH_Intensity,0.043183875145861327,-1.3646783884171334
Post2_Morph_RadiusRoiNorm_MaxIntensityCoor_PerimeterCoor_2DCoronalSmallestDist,0.04400682525366653,-1.3564799612282938
ADC_GLCM_SumEntropy,0.04476922330294736,-1.3490204400756967
Post2_Morph_RadiusRoiNorm_MaxIntensityCoor_PerimeterCoor_2DSagittalSmallestDist,0.0463083292518585,-1.334340887530256
ADC_Morph_RadiusSphereNorm_MaxIntensityCoor_PerimeterCoor_2DCoronalSmallestDist,0.04849431028708658,-1.314309213056305
T2_Morph_RadiusRoiNorm_MaxIntensityCoor_PerimeterCoor_2DSagittalSmallestDist,0.048748605115334236,-1.3120378066104874
Post2_IB_IntensityBasedCoefficientOfVariation,0.05235105661894532,-1.281074548377101
ADC_Morph_RadiusSphereNorm_MaxIntensityCoor_PerimeterCoor_2DAxialSmallestDist,0.0526811634055902,-1.2783446426798206
Pre_IH_IntensityHistogramCoefficientOfVariation_Intensity,0.05289566630981949,-1.276579907821042
ADC_GLRLM_LongRunsEmphasis,0.05314596694236949,-1.2745296869393106
ADC_LOCAL_INTENSITY_HISTOGRAM_LocalIntensityPeak_Intensity,0.056174751712983056,-1.2504588384368334
Pre_Morph_RadiusRoiNorm_MaxIntensityCoor_PerimeterCoor_2DCoronalSmallestDist,0.056241565783618656,-1.2499425969115296
Pre_Morph_RadiusSphereNorm_MaxIntensityCoor_PerimeterCoor_2DAxialSmallestDist,0.05630711441155896,-1.2494367285072165
Post1_Morph_RadiusSphereNorm_MaxIntensityCoor_PerimeterCoor_2DAxialSmallestDist,0.05703874615985014,-1.2438300298148337
T2_Morph_RadiusSphereNorm_MaxIntensityCoor_PerimeterCoor_2DAxialSmallestDist,0.05785565116745844,-1.2376542140430713
Post1_Morph_RadiusRoiNorm_MaxIntensityCoor_PerimeterCoor_2DCoronalSmallestDist,0.058247100319643905,-1.2347256899772905
Post1_IB_IntensityBasedCoefficientOfVariation,0.05913983486518024,-1.2281198924714978
ADC_IH_IntensityHistogramCoefficientOfVariation_Intensity,0.060473085518029795,-1.2184378718157247
Post1_Morph_RadiusRoiNorm_MaxIntensityCoor_PerimeterCoor_2DSagittalSmallestDist,0.061173001505451366,-1.2134402099434416
Post2_Morph_RadiusSphereNorm_MaxIntensityCoor_PerimeterCoor_2DAxialSmallestDist,0.06148818685641128,-1.211208313093438
Pre_IH_IntensityHistogramEntropyLog10_Intensity,0.06307116941206586,-1.200169116605645
Pre_Morph_RadiusSphereNorm_MaxIntensityCoor_PerimeterCoor_2DSagittalSmallestDist,0.06658601697034087,-1.1766169628684333
T2_Morph_RadiusRoiNorm_MaxIntensityCoor_PerimeterCoor_2DCoronalSmallestDist,0.06710534342381341,-1.1732428967085637
Pre_IB_IntensityBasedCoefficientOfVariation,0.07013004365194554,-1.1540958907714376
Post1_IH_IntensityHistogramEntropyLog10_Intensity,0.07387820456737913,-1.1314836675837239
Post1_NGTDM_Contrast,0.0752865546587353,-1.123282577032561
Post2_IH_IntensityHistogramEntropyLog10_Intensity,0.0767328827646158,-1.115018485551623
Post1_Morph_RadiusSphereNorm_MaxIntensityCoor_RoiCentroidCoor_Dist,0.07926714383925894,-1.1009067900564058
ADC_Morph_MaxIntensityCoor_RoiCentroidCoor_Dist_cm,0.08294334998832649,-1.0812184279483934
Post2_Morph_RadiusSphereNorm_MaxIntensityCoor_RoiCentroidCoor_Dist,0.0833088059064904,-1.0793090903710874
Post2_Morph_RadiusSphereNorm_MaxIntensityCoor_PerimeterCoor_2DCoronalSmallestDist,0.08409518878297448,-1.0752288501514495
T2_Morph_RadiusSphereNorm_MaxIntensityCoor_RoiCentroidCoor_Dist,0.08554665669550213,-1.0677969587310974
Pre_NGTDM_Contrast,0.08774007142559927,-1.0568020163846261
Pre_Morph_RadiusSphereNorm_MaxIntensityCoor_RoiCentroidCoor_Dist,0.09144258701336916,-1.0388514957561248
ADC_Morph_MaxIntensityCoor_PerimeterCoor_2DAxialSmallestDist_mm,0.09349356016323004,-1.0292183022981594
Post2_Morph_RadiusSphereNorm_MaxIntensityCoor_PerimeterCoor_2DSagittalSmallestDist,0.09903951623390396,-1.0041914896590225
ADC_IH_IntensityHistogramMedianAbsoluteDeviation_Intensity,0.10585359430804549,-0.9752943907188975
ADC_Morph_MaxIntensityCoor_PerimeterCoor_2DSagittalSmallestDist_mm,0.10664405937422627,-0.9720633319859174
T2_Morph_RadiusSphereNorm_MaxIntensityCoor_PerimeterCoor_2DSagittalSmallestDist,0.10849368625661494,-0.9645955346565749
Pre_Morph_MaxIntensityCoor_PerimeterCoor_3DSmallestDist_mm,0.11168329373060362,-0.9520117864439898
ADC_IB_IntensityBasedCoefficientOfVariation,0.11251136701759423,-0.9488035985831179
Post1_Morph_RadiusSphereNorm_MaxIntensityCoor_PerimeterCoor_2DCoronalSmallestDist,0.11320646184000763,-0.94612878284918
Post2_NGTDM_Contrast,0.11456737351415862,-0.9409390430992896
Pre_GLRLM_RunLengthVariance,0.1173504919360473,-0.9305150854850965
T2_IH_IntensityHistogramEntropyLog10_Intensity,0.11790318936106675,-0.928474446782672
ADC_IH_IntensityHistogramQuartileCoefficientOfDispersion_Intensity,0.11944970848756348,-0.9228149057882161
Pre_Morph_RadiusSphereNorm_MaxIntensityCoor_PerimeterCoor_2DCoronalSmallestDist,0.12034802701679129,-0.9195610251422518
ADC_Morph_MaxIntensityCoor_PerimeterCoor_2DCoronalSmallestDist_mm,0.12783719800979815,-0.893342756973957
Post1_Morph_RadiusSphereNorm_MaxIntensityCoor_PerimeterCoor_2DSagittalSmallestDist,0.13343435987069083,-0.8747323234836862
T2_Morph_RadiusSphereNorm_MaxIntensityCoor_PerimeterCoor_2DCoronalSmallestDist,0.14444465709279183,-0.8402985177699254
T2_Morph_CentreOfMassShift_mm,0.15427642962082128,-0.8117004204508214
Pre_GLRLM_LongRunLowGreyLevelEmphasis,0.17648792114421338,-0.7532850124262342
Pre_Morph_CentreOfMassShift_mm,0.18403893184152845,-0.7350902960345068
Post2_Morph_CentreOfMassShift_mm,0.1893219485543324,-0.7227990342987318
Post1_Morph_CentreOfMassShift_mm,0.20573819943148114,-0.6866850653177802
Pre_GLCM_JointEntropyLog10,0.22035476553928623,-0.6568775527080916
Post2_GLRLM_RunLengthVariance,0.2548500842568228,-0.5937152184900213
Post2_GLCM_JointEntropyLog10,0.2708333324041866,-0.5672978865570791
Post1_GLCM_JointEntropyLog10,0.27140325326994985,-0.5663849508208888
Post1_GLRLM_RunLengthVariance,0.2930462191409529,-0.5330638774776505
ADC_Morph_RadiusRoiNorm_CentroidCoor_WCentroidCoor_Dist,0.30747001433740195,-0.5121972318962232
Post1_Morph_MaxIntensityCoor_PerimeterCoor_3DSmallestDist_mm,0.3179703521853422,-0.49761337209774426
Pre_GLRLM_RunEntropy,0.3261040846451865,-0.48664376136518855
Post1_GLRLM_RunEntropy,0.34784410419950484,-0.45861535333806003
Post2_GLRLM_RunEntropy,0.3707539999104682,-0.43091415485087353
ADC_GLCM_JointEntropyLog2,0.3754997564844724,-0.42539034030308814
T2_GLCM_JointEntropyLog10,0.387076727441457,-0.41220293936860625
Post2_Morph_MaxIntensityCoor_PerimeterCoor_3DSmallestDist_mm,0.4271395682720657,-0.369430195637823
Pre_GLRLM_LongRunsEmphasis,0.6314613299308572,-0.19965324005944818
T2_Morph_MaxIntensityCoor_PerimeterCoor_3DSmallestDist_mm,0.6415623490314997,-0.19276113114412766
Post2_IB_IntensitySkewness,0.6704582598099872,-0.17362825449847613
Post2_IH_IntensityHistogramSkewness_Intensity,0.6772079731018684,-0.1692779373702562
T2_GLRLM_RunEntropy,0.6856951650221421,-0.16386891282304952
Pre_IH_IntensityHistogramSkewness_Intensity,0.6896384053213654,-0.16137856105349258
Post1_IH_IntensityHistogramSkewness_Intensity,0.6945143849706191,-0.15831875460728997
Pre_IH_IntensityHistogramEntropyLog2_Intensity,0.6960033640653447,-0.15738866126311685
Post1_IB_IntensitySkewness,0.6964414408620468,-0.1571153946444887
ADC_GLRLM_RunLengthVariance,0.702896729698861,-0.15310847727891974
Pre_IB_IntensitySkewness,0.7071620089681842,-0.15048107907280425
Post1_IH_IntensityHistogramEntropyLog2_Intensity,0.8152612260063494,-0.08870321232025279
Pre_GLSZM_ZoneSizeEntropy,0.8437471738239422,-0.07378766885044534
Post2_IH_IntensityHistogramEntropyLog2_Intensity,0.8467631887782571,-0.07223803026709673
Post2_GLSZM_ZoneSizeEntropy,0.865591878174654,-0.0626868271913465
Pre_Morph_MaxIntensityCoor_PerimeterCoor_2DAxialSmallestDist_mm,0.9067034205336967,-0.042534745892940824
T2_IB_IntensitySkewness,0.9125751984938537,-0.03973133843777514
ADC_IB_IntensityBasedMedianAbsoluteDeviation,0.942868890313117,-0.025548693446978743
Post2_GLRLM_LongRunLowGreyLevelEmphasis,1.0209393101773758,0.008999926182867055
Post1_GLSZM_ZoneSizeEntropy,1.0425368610509338,0.018091419298975883
Post1_GLRLM_LongRunLowGreyLevelEmphasis,1.087575564948323,0.03645944153509702
ADC_GLCM_Contrast,1.1359755479524454,0.05536898322079141
ADC_GLCM_JointEntropyLog10,1.1359755479524454,0.05536898322079141
T2_IH_IntensityHistogramSkewness_Intensity,1.1710369461040704,0.06857059723840961
T2_IH_IntensityHistogramEntropyLog2_Intensity,1.3010860139373766,0.11430600843246004
ADC_IH_IntensityHistogramEntropyLog10_Intensity,1.3181521717064382,0.1199655494977701
T2_GLRLM_RunLengthVariance,1.3714434784021956,0.13717791363692133
Post1_Morph_MaxIntensityCoor_PerimeterCoor_2DAxialSmallestDist_mm,1.4117719464643148,0.1497645477138221
Post2_GLRLM_LongRunsEmphasis,1.439968057250544,0.15835285826659876
Pre_Morph_MaxIntensityCoor_PerimeterCoor_2DSagittalSmallestDist_mm,1.4509961365627615,0.1616662560826199
ADC_Morph_RadiusRoiNorm_MaxIntensityCoor_RoiCentroidCoor_Dist,1.4940381877926827,0.17436169823983289
Post1_GLRLM_LongRunsEmphasis,1.5057250010088277,0.17774566147329302
ADC_NGTDM_Contrast,1.6393894755779326,0.21468214271066824
Post2_Morph_MaxIntensityCoor_PerimeterCoor_2DAxialSmallestDist_mm,1.6814237559961134,0.2256771790544851
ADC_Morph_RadiusRoiNorm_MaxIntensityCoor_PerimeterCoor_3DSmallestDist,1.7674627015754847,0.24735025773319044
T2_Morph_MaxIntensityCoor_PerimeterCoor_2DAxialSmallestDist_mm,1.962439575265647,0.29279629342632596
ADC_GLRLM_GreyLevelVariance,2.0629105795196345,0.31448040312466535
T2_GLCM_Dissimilarity,2.083804806969919,0.3188570355364911
T2_GLCM_DifferenceAverage,2.083804806969919,0.3188570355364911
Post1_IH_IntensityHistogramMinimumGreyLevel_Intensity,2.210979716500901,0.3445847583852698
ADC_GLSZM_ZoneSizeVariance,2.280895362214507,0.35810536214873634
Post1_Morph_MaxIntensityCoor_PerimeterCoor_2DCoronalSmallestDist_mm,2.3687500936801094,0.37451924448795254
Pre_Morph_MaxIntensityCoor_PerimeterCoor_2DCoronalSmallestDist_mm,2.375937731483124,0.3758350544795231
Pre_GLCM_JointEntropyLog2,2.4316602888653494,0.38590290243628494
T2_GLSZM_ZoneSizeEntropy,2.4795403457808702,0.3943711792969733
Post2_IH_IntensityHistogramMinimumGreyLevel_Intensity,2.5253347952071445,0.40231896268156564
ADC_Morph_RadiusRoiNorm_MaxIntensityCoor_PerimeterCoor_2DCoronalSmallestDist,2.6503166707355232,0.42329776832809024
Post1_Morph_MaxIntensityCoor_PerimeterCoor_2DSagittalSmallestDist_mm,2.7067304049217222,0.43244500143541786
Post2_GLCM_JointEntropyLog2,2.988701687341667,0.47548256876747075
Post1_GLCM_JointEntropyLog2,2.994990881299769,0.4763955044526134
ADC_IH_IntensityHistogramVariance_Intensity,3.062423470946433,0.4860652446181358
ADC_Morph_RadiusRoiNorm_MaxIntensityCoor_PerimeterCoor_2DAxialSmallestDist,3.0698748425090163,0.4871206698370324
ADC_IB_IntensityVariance,3.1307674704878963,0.4956508127355022
Post2_Morph_MaxIntensityCoor_PerimeterCoor_2DSagittalSmallestDist_mm,3.2237996198370804,0.5083680397387903
Post2_GLCM_SumEntropy,3.3668677886342504,0.5272260626923627
Post1_GLCM_SumEntropy,3.823448971895047,0.5824552984292639
Post1_IH_IntensityHistogramRobustMeanAbsoluteDeviation_Intensity,3.8800834696125475,0.588841068378396
Post2_Morph_MaxIntensityCoor_PerimeterCoor_2DCoronalSmallestDist_mm,3.9464246860187147,0.5962038190992831
T2_GLCM_DifferenceEntropy,3.947941253136699,0.596370681579172
Post1_GLCM_Dissimilarity,4.134676142177376,0.6164414981272451
Post1_GLCM_DifferenceAverage,4.134676142177376,0.6164414981272451
ADC_GLCM_JointVariance,4.143717266420032,0.6173901150233295
Pre_GLCM_SumEntropy,4.155097058863592,0.6185811729184433
T2_GLCM_JointEntropyLog2,4.271471528727112,0.6305775159412885
T2_IH_IntensityHistogramMinimumGreyLevel_Intensity,4.327981830996947,0.6362854289206258
T2_Morph_MaxIntensityCoor_PerimeterCoor_2DSagittalSmallestDist_mm,4.404892046172137,0.6439352693142848
ADC_GLCM_DifferenceVariance,4.4376164472269375,0.647149762508218
Post1_GLCM_DifferenceEntropy,4.4606703391957145,0.6494001283844008
Post2_GLCM_DifferenceEntropy,4.685168207503593,0.6707251875993979
Pre_IH_IntensityHistogramRobustMeanAbsoluteDeviation_Intensity,4.77803577454086,0.6792493971149806
Post2_IH_IntensityHistogramKurtosis_Intensity,4.93186541571877,0.6930112167461292
ADC_IH_IntensityHistogramMeanAbsoluteDeviation_Intensity,4.937857469702438,0.6935385499509844
Pre_GLCM_DifferenceEntropy,4.971068936628762,0.6964497857884292
Post2_IB_IntensityKurtosis,5.081382618274308,0.7059818976753778
Pre_IH_IntensityHistogramMinimumGreyLevel_Intensity,5.127731224058256,0.7099252530616398
Post1_IH_IntensityHistogramKurtosis_Intensity,5.135036220845912,0.7105435113137185
T2_IH_IntensityHistogramRobustMeanAbsoluteDeviation_Intensity,5.202872978965214,0.71624322331917
Pre_GLCM_Dissimilarity,5.228583065180571,0.7183840119367014
Pre_GLCM_DifferenceAverage,5.228583065180571,0.7183840119367014
Post1_IB_IntensityKurtosis,5.34879017993009,0.7282555619097155
T2_Morph_MaxIntensityCoor_PerimeterCoor_2DCoronalSmallestDist_mm,5.4567737989002785,0.7369359512313616
Post1_IH_IntensityHistogramMeanAbsoluteDeviation_Intensity,5.491501264996709,0.7396910879793613
Post1_IH_IntensityHistogramMedianAbsoluteDeviation_Intensity,5.517461063762455,0.7417392770666165
Pre_IH_IntensityHistogramKurtosis_Intensity,5.718576075881514,0.7572879030287744
Pre_IB_IntensityKurtosis,5.859491808039651,0.7678599514218016
T2_GLCM_SumEntropy,5.898056303446833,0.7707089140550457
Post2_IH_IntensityHistogramRobustMeanAbsoluteDeviation_Intensity,5.9165584005441,0.772069155661416
Post2_GLCM_Dissimilarity,6.126184088297663,0.7871900429653428
Post2_GLCM_DifferenceAverage,6.126184088297663,0.7871900429653428
T2_IH_IntensityHistogramMedianAbsoluteDeviation_Intensity,6.771011290695226,0.8306535379863152
ADC_IH_IntensityHistogramRobustMeanAbsoluteDeviation_Intensity,6.793642307500164,0.8321026770692018
ADC_IH_IntensityHistogramRange_Intensity,6.89962343812536,0.8388253888232733
Pre_IH_IntensityHistogramMedianAbsoluteDeviation_Intensity,6.916804169853264,0.8399054800077802
Pre_IH_IntensityHistogramMeanAbsoluteDeviation_Intensity,7.052484487776362,0.8483421395803138
Post1_IH_IntensityHistogramStd_Intensity,7.078803156448774,0.8499598358694274
T2_NGTDM_Busyness,7.363566764786023,0.8670882288817867
T2_IH_IntensityHistogramMeanAbsoluteDeviation_Intensity,7.4183625192168225,0.870308052536531
Post2_IH_IntensityHistogramMedianAbsoluteDeviation_Intensity,8.3485065865855,0.9216087941408965
Post2_IH_IntensityHistogramMeanAbsoluteDeviation_Intensity,8.349952309761482,0.9216839950445432
Pre_NGTDM_Busyness,9.011419328039558,0.9547931991689041
Pre_IH_IntensityHistogramStd_Intensity,9.192330932912864,0.9634256509882431
ADC_Morph_SurfaceToVolumeRatio_cm,9.277795482679497,0.9674447948132348
ADC_IH_IntensityHistogram90thPercentile,9.449147488512255,0.9753926277964896
ADC_GLCM_SumVariance,9.60448215319685,0.9824739538857424
T2_IH_IntensityHistogramStd_Intensity,10.088053353777614,1.0038073704712867
Post2_Morph_Compacity,10.517591282020689,1.0219162899408794
Pre_Morph_Compacity,10.517591282020689,1.0219162899408794
T2_Morph_Compacity,10.517591282020689,1.0219162899408794
Post1_Morph_Compacity,10.527187604355856,1.022312362539037
T2_Morph_MaxIntensityCoor_RoiCentroidCoor_Dist_cm,10.554247330338233,1.0234272673039573
Post2_IH_IntensityHistogramStd_Intensity,10.743595861712427,1.0311496632562576
Post2_Morph_SurfaceToVolumeRatio_cm,12.025914756548357,1.0801181211050699
T2_Morph_SurfaceToVolumeRatio_cm,12.025914756548357,1.0801181211050699
Pre_Morph_SurfaceToVolumeRatio_cm,12.025914756548357,1.0801181211050699
Post1_Morph_SurfaceToVolumeRatio_cm,12.02918591858166,1.0802362372292482
ADC_Morph_SurfaceArea_cm2,12.159495092313541,1.0849155417809402
Post1_IH_IntensityHistogram10thPercentile,12.283812358054668,1.0893331737362373
Post1_NGTDM_Busyness,13.086005348009534,1.1168070934505747
ADC_Morph_Asphericity,13.61284401103007,1.133948867985482
Post2_Morph_MaxIntensityCoor_RoiCentroidCoor_Dist_cm,16.24847123703429,1.2108125059578263
Post1_Morph_MaxIntensityCoor_RoiCentroidCoor_Dist_cm,16.94701317450935,1.2290931670741476
T2_GLRLM_LongRunLowGreyLevelEmphasis,17.955005767589544,1.2541855489682097
T2_IH_IntensityHistogram10thPercentile,17.974469418122016,1.2546560794620238
Post2_IH_IntensityHistogram10thPercentile,18.582661132430097,1.2691079073096316
T2_GLRLM_LongRunsEmphasis,18.929188844989643,1.2771320039430683
T2_IB_IntensityKurtosis,18.96077191166646,1.2778560139173263
Pre_IH_IntensityHistogram10thPercentile,20.741953167828346,1.3168496493563728
Post1_IH_IntensityHistogram25thPercentile,21.628318584070797,1.335022758087117
Pre_Morph_MaxIntensityCoor_RoiCentroidCoor_Dist_cm,23.767072455844833,1.3759756901601217
Post1_IH_IntensityHistogramInterquartileRange_Intensity,24.43120056386561,1.3879448089894546
ADC_GLCM_DifferenceAverage,26.349818731702403,1.4207776319170005
ADC_GLRLM_ShortRunsEmphasis,26.920026531249388,1.4300754835745977
ADC_IH_IntensityHistogramMode_Intensity,27.38695277625499,1.437543712937481
Pre_IH_IntensityHistogramInterquartileRange_Intensity,28.65236118725039,1.4571604171704289
Pre_IH_IntensityHistogram25thPercentile,29.12287571462138,1.4642342568130067
ADC_GLRLM_ShortRunHighGreyLevelEmphasis,29.911429367349875,1.4758371670106123
T2_IH_IntensityHistogramInterquartileRange_Intensity,30.41710392356487,1.4831178615943916
Post2_IH_IntensityHistogram25thPercentile,32.017699115044245,1.5053901190403887
Post1_IH_IntensityHistogramMean_Intensity,32.04423527723994,1.5057499117809903
Post1_NGTDM_Strength,34.469161091598814,1.537430713703203
Pre_IH_IntensityHistogramMean_Intensity,34.97762454894947,1.5437903117088858
T2_NGTDM_Strength,35.73932359829245,1.553146328798934
Post2_IH_IntensityHistogramInterquartileRange_Intensity,37.60858328764978,1.5752869738918445
Post1_GLCM_JointAverage,38.23375235463954,1.5824469228410034
Post1_IH_IntensityHistogramMedian_Intensity,39.12397211997807,1.592442940752968
Post1_IH_IntensityHistogram50thPercentile,39.12397211997807,1.592442940752968
T2_IH_IntensityHistogram25thPercentile,40.267992795050525,1.6049599822332397
Pre_GLCM_JointAverage,40.54600314756322,1.6079480497553262
Post1_IH_MaximumHistogramGradientGreyLevel_Intensity,43.001174720025055,1.6334803199390395
T2_IH_IntensityHistogramKurtosis_Intensity,44.07030503907744,1.6441460565532602
Pre_IH_IntensityHistogramMedian_Intensity,44.384525021536554,1.6472315766635597
Pre_IH_IntensityHistogram50thPercentile,44.384525021536554,1.6472315766635597
Post2_IH_IntensityHistogramMean_Intensity,48.88520207961473,1.6891774147930076
Pre_NGTDM_Strength,57.31372005792807,1.7582585980965209
T2_IH_IntensityHistogramMean_Intensity,57.356392007099565,1.758581824307413
Post2_GLCM_JointAverage,58.75758044654309,1.769063903858357
Post2_IH_IntensityHistogram50thPercentile,59.20604589239567,1.7723660574600557
Post2_IH_IntensityHistogramMedian_Intensity,59.20604589239567,1.7723660574600557
Post1_IH_IntensityHistogram75thPercentile,59.26305897094525,1.7727840646248851
Pre_Morph_SphereDiameter_mm,60.98951117209468,1.7852551525229379
Post2_Morph_SphereDiameter_mm,60.98951117209468,1.7852551525229379
T2_Morph_SphereDiameter_mm,60.98951117209468,1.7852551525229379
Post1_Morph_SphereDiameter_mm,61.00126850419506,1.785338866136089
ADC_Morph_Maximum3DDiameter_mm,61.32432649197126,1.7876327871690685
Pre_IH_IntensityHistogram75thPercentile,62.221317252721455,1.7939392010756907
T2_GLCM_JointAverage,63.31499302374358,1.8015065633580891
Pre_IH_MaximumHistogramGradientGreyLevel_Intensity,65.69112694807738,1.8175067123645414
Post1_IH_IntensityHistogramMode_Intensity,69.79763489701622,1.84384070674097
Post1_IH_IntensityHistogram90thPercentile,70.88746182159919,1.8505694263928336
T2_IH_IntensityHistogramMedian_Intensity,72.56809460411934,1.860745720108137
T2_IH_IntensityHistogram50thPercentile,72.56809460411934,1.860745720108137
T2_IH_MaximumHistogramGradientGreyLevel_Intensity,73.16641867021696,1.8643117978265178
T2_GLCM_DifferenceVariance,73.22231695869353,1.864643467053782
Pre_IH_IntensityHistogram90thPercentile,75.80656276920669,1.8797068052504688
Post2_IH_MaximumHistogramGradientGreyLevel_Intensity,77.27402302451254,1.8880335229848424
Pre_IH_IntensityHistogramMode_Intensity,78.83984650325006,1.8967457700612875
ADC_IH_IntensityHistogramMedian_Intensity,82.25217323204632,1.9151473815182707
T2_IH_IntensityHistogramMode_Intensity,83.60263137285611,1.9222199469692431
Post2_NGTDM_Strength,84.66679261238941,1.9277131079336476
Post2_NGTDM_Busyness,91.18042981907602,1.959901635108907
Post2_IH_IntensityHistogram75thPercentile,92.15725585402147,1.9645295343821
Post1_GLCM_DifferenceVariance,92.72082628323183,1.9671772931955045
ADC_NGTDM_Complexity,93.90755934303134,1.9727005533824686
Post1_IH_MinimumHistogramGradientGreyLevel_Intensity,94.41835695825831,1.975056438690342
T2_IH_IntensityHistogram75thPercentile,94.78126713133372,1.9767225104877542
Post1_IH_IntensityHistogramMaximumGreyLevel_Intensity,95.17205732633717,1.9785094575201265
T2_IH_MinimumHistogramGradientGreyLevel_Intensity,95.37818153340119,1.979449037981078
Post2_IH_IntensityHistogramMode_Intensity,99.50207533871088,1.9978321390246319
Post1_IH_IntensityHistogramRange_Intensity,99.86122640770616,1.9993968953745003
Pre_IH_IntensityHistogramMaximumGreyLevel_Intensity,103.94658939619393,2.0168102442137865
Pre_IH_MinimumHistogramGradientGreyLevel_Intensity,106.80037591040802,2.0285727813023597
Post2_IH_IntensityHistogram90thPercentile,108.07204949487044,2.0337133875729085
ADC_IH_IntensityHistogramMinimumGreyLevel_Intensity,112.38468165087333,2.050707119703988
T2_IH_IntensityHistogram90thPercentile,113.98715639439267,2.0568559195708707
Post2_IH_MinimumHistogramGradientGreyLevel_Intensity,117.94674602553046,2.071685963851122
Pre_IH_IntensityHistogramRange_Intensity,119.41310987547965,2.0770520088204245
ADC_Morph_RadiusRoiNorm_MaxIntensityCoor_PerimeterCoor_2DSagittalSmallestDist,126.66727791618872,2.102664437647051
ADC_IH_IntensityHistogram10thPercentile,129.36063904769372,2.1118021523389907
Pre_Morph_Maximum3DDiameter_mm,129.74597477703975,2.113093893231584
Post2_Morph_Maximum3DDiameter_mm,129.74597477703975,2.113093893231584
T2_Morph_Maximum3DDiameter_mm,129.74597477703975,2.113093893231584
Post1_Morph_Maximum3DDiameter_mm,129.85175796941527,2.113447833605281
ADC_GLCM_AngularSecondMoment,131.3670056075741,2.118486300673545
ADC_IB_TotalLesionGlycolysis,132.3777843891092,2.121815108013434
ADC_GLCM_JointMaximum,135.9077973611291,2.133244373978769
ADC_IH_MaximumHistogramGradient_Intensity,138.92505286240115,2.142780570710936
Post2_IH_IntensityHistogramMaximumGreyLevel_Intensity,140.2429321011826,2.14688098310608
Post2_IH_IntensityHistogramRange_Intensity,144.75542329078237,2.1606348436335976
ADC_IH_IntensityHistogram25thPercentile,144.90061868587986,2.1610702397934
ADC_IH_IntensityHistogramKurtosis_Intensity,144.90061868587986,2.1610702397934
T2_IH_IntensityHistogramRange_Intensity,151.16469574751358,2.1794503742846625
Post1_GLCM_SumAverage,152.93500939357952,2.1845069140980247
T2_IH_IntensityHistogramMaximumGreyLevel_Intensity,154.30871642258595,2.188390458709383
ADC_IH_IntensityHistogram50thPercentile,158.88558226955914,2.2010844898766178
Pre_GLCM_SumAverage,162.184012616853,2.21000804115451
ADC_IH_IntensityHistogram75thPercentile,172.61461351711182,2.2370775602157265
ADC_IH_IntensityHistogramInterquartileRange_Intensity,178.31419844936963,2.2511859256919413
ADC_IH_IntensityHistogramMaximumGreyLevel_Intensity,195.82786435899436,2.291874487652832
ADC_IH_IntensityHistogramStd_Intensity,204.3262589082935,2.3103241834026145
Post2_GLCM_DifferenceVariance,213.40145522759912,2.329197376640287
Pre_GLCM_DifferenceVariance,213.85978391093573,2.330129123666168
Pre_Morph_Volume_cm3,233.82089733260125,2.368883322868019
T2_Morph_Volume_cm3,233.82089733260125,2.368883322868019
Post2_Morph_Volume_cm3,233.82089733260125,2.368883322868019
Post1_Morph_Volume_cm3,233.82150770774808,2.3688844565657132
Post2_Morph_ApproximateVolume_cm3,234.13059360576398,2.3694581662214085
Pre_Morph_ApproximateVolume_cm3,234.13059360576398,2.3694581662214085
T2_Morph_ApproximateVolume_cm3,234.13059360576398,2.3694581662214085
Post1_Morph_ApproximateVolume_cm3,234.13120564727086,2.3694593015104695
ADC_Morph_Volume_cm3,234.26425553841332,2.36970602821849
Post2_GLCM_SumAverage,235.03032177084907,2.371123895157999
ADC_IH_MinimumHistogramGradient_Intensity,239.67797008379708,2.379628117843728
T2_GLCM_SumAverage,253.2599721039546,2.4035665547014458
ADC_IH_IntensityHistogramSkewness_Intensity,311.4918862956229,2.4934467386904346
ADC_IB_IntensitySkewness,326.5935471149287,2.5140075996288678
T2_GLCM_Contrast,388.7232996328667,2.589640572529185
ADC_GLSZM_LargeZoneHighGreyLevelEmphasis,442.19707625577445,2.6456158667587943
ADC_GLCM_DifferenceEntropy,543.6311894288103,2.735304365294182
ADC_Morph_voxelsCounting_vx,549.9982841074934,2.7403613345782274
T2_Morph_SurfaceArea_cm2,552.4714838987297,2.74230986660143
Pre_Morph_SurfaceArea_cm2,552.4714838987297,2.74230986660143
Post2_Morph_SurfaceArea_cm2,552.4714838987297,2.74230986660143
Post1_Morph_SurfaceArea_cm2,552.4847203351478,2.7423202715591555
T2_GLSZM_GreyLevelNonUniformity,868.5767288572451,2.9388081894468034
Pre_IB_IntensityBasedRobustMeanAbsoluteDeviation,893.4267433816119,2.951058948280468
Post1_GLCM_Contrast,895.5906161711837,2.9521095344755235
Post1_GLSZM_GreyLevelVariance,906.9049440479735,2.957561769486961
Post1_GLCM_JointVariance,957.4616902382833,2.9811214060861286
Post1_GLRLM_GreyLevelVariance,1037.830165229729,3.016126289602719
Post1_IH_IntensityHistogramVariance_Intensity,1063.0003328905036,3.0265334005275175
Pre_IB_MinimumIntensity,1092.486039820117,3.0384158961066925
Post1_IB_MinimumIntensity,1230.4327163610253,3.090057870202936
Pre_IB_IntensityBasedMedianAbsoluteDeviation,1305.241337075195,3.1156908194671815
Pre_IB_IntensityBasedMeanAbsoluteDeviation,1338.0320672181065,3.1264665218391214
Post2_IB_MinimumIntensity,1405.461759631685,3.1478190336454337
ADC_GLSZM_ZonePercentage,1419.8190400956782,3.152232995864796
T2_GLSZM_GreyLevelVariance,1443.313694768003,3.1593607324106685
Pre_GLCM_JointVariance,1584.9231415825218,3.200008206619435
T2_GLCM_JointVariance,1627.237772224092,3.2114510167476094
Pre_GLCM_Contrast,1645.4913169694796,3.216295594924412
Pre_GLSZM_GreyLevelVariance,1650.6888496913396,3.21766521766183
ADC_GLRLM_RunPercentage,1651.5229173941996,3.2178846045662066
Pre_GLSZM_GreyLevelNonUniformity,1731.792245224565,3.238495790588731
ADC_GLCM_JointAverage,1733.8497426810873,3.2390114583351384
Pre_IB_StandardDeviation,1741.7814971679636,3.240993672757668
Pre_GLRLM_GreyLevelVariance,1768.3405986042487,3.2475659178309413
Post1_IB_IntensityBasedRobustMeanAbsoluteDeviation,1769.1693255780124,3.2477694008266123
ADC_IH_IntensityHistogramMean_Intensity,1792.7025670380956,3.253508240365702
Pre_IH_IntensityHistogramVariance_Intensity,1804.7235306206396,3.2564106808554043
T2_IH_IntensityHistogramVariance_Intensity,1888.3628239466439,3.2760854419213885
T2_GLRLM_GreyLevelVariance,1910.6434419009622,3.281179647984941
Post2_GLCM_Contrast,2009.8916378799336,3.303172643321283
Post2_GLSZM_GreyLevelVariance,2143.795272156614,3.3311833088108447
Post2_GLCM_JointVariance,2174.0152088805967,3.3372625779792617
Post2_GLRLM_GreyLevelVariance,2355.823285889815,3.372142710206204
Post2_IH_IntensityHistogramVariance_Intensity,2407.5642785612313,3.381577890999807
Post1_IB_IntensityBasedMedianAbsoluteDeviation,2578.556867302573,3.411376713746756
Post1_IB_IntensityBasedMeanAbsoluteDeviation,2586.1387154977056,3.4126518158883465
Post2_IB_IntensityBasedRobustMeanAbsoluteDeviation,2657.430018715417,3.4244618365496495
T2_IB_MinimumIntensity,2810.5528603656117,3.4487917578371796
T2_IB_IntensityBasedRobustMeanAbsoluteDeviation,2820.8642773829956,3.4503821910821255
Post1_IB_StandardDeviation,3328.6970736497688,3.522274274210922
Post1_GLSZM_GreyLevelNonUniformity,3589.444593599519,3.5550272539834507
Post2_IB_IntensityBasedMedianAbsoluteDeviation,3898.214427411511,3.590865724489224
Post2_IB_IntensityBasedMeanAbsoluteDeviation,3916.8768158195203,3.5929399133780726
Pre_IB_10thIntensityPercentile,3925.236970225057,3.5938658806365638
T2_IB_IntensityBasedMedianAbsoluteDeviation,3990.14449714084,3.6009886232994366
T2_IB_IntensityBasedMeanAbsoluteDeviation,4387.6039461096825,3.6422274184054144
Post2_IB_StandardDeviation,5047.7193918600615,3.703095204010635
Pre_IB_IntensityInterquartileRange,5394.959647526369,3.7319882006552283
Pre_IB_25thIntensityPercentile,5410.013250606704,3.7331983288142085
Post1_IB_10thIntensityPercentile,5873.1957872518005,3.7688744786065893
Post2_GLSZM_GreyLevelNonUniformity,5914.618006668318,3.7719267011274025
T2_IB_StandardDeviation,5968.737664146564,3.775882491353185
Post1_GLSZM_SmallZoneHighGreyLevelEmphasis,6403.031758023897,3.8063856558613893
Pre_IB_MeanIntensity,6551.156842372117,3.816317997075253
Pre_IH_AreaUnderCurveCIVH_Intensity,6552.975980491937,3.8164385760808255
Pre_IB_RootMeanSquareIntensity,7162.952412106189,3.8550920658831314
Pre_IB_50thIntensityPercentile,8344.494024515148,3.9214000079987232
Pre_IB_MedianIntensity,8344.494024515148,3.9214000079987232
Post2_IB_10thIntensityPercentile,8895.150870929447,3.9491533185645724
Post1_GLCM_ClusterTendency,8966.786984026056,3.952636852734198
Post1_GLCM_SumVariance,8966.786984026056,3.952636852734198
T2_GLSZM_ZoneSizeNonUniformity,9832.09359419963,3.992646004057707
Post1_IB_25thIntensityPercentile,10017.95259921265,4.0007789724574
T2_GLSZM_SmallZoneHighGreyLevelEmphasis,10286.861270873,4.012282882956936
T2_IB_10thIntensityPercentile,10592.414023070523,4.024994947588526
Pre_GLSZM_SmallZoneHighGreyLevelEmphasis,10999.124190459903,4.0413581056679355
Post1_IB_IntensityInterquartileRange,11177.736747447794,4.04835387711053
Pre_IB_75thIntensityPercentile,11643.337383616807,4.066077481992887
Pre_IB_90thIntensityPercentile,14224.030396523965,4.153022671707446
Post2_GLSZM_SmallZoneHighGreyLevelEmphasis,14459.928677270029,4.16016615083234
Pre_GLCM_ClusterTendency,14603.695150231595,4.16446275854542
Pre_GLCM_SumVariance,14603.695150231595,4.16446275854542
ADC_IB_IntensityBasedMeanAbsoluteDeviation,14953.739707486411,4.1747498168224855
Post1_IH_AreaUnderCurveCIVH_Intensity,14963.53914122166,4.175034323991117
Post1_IB_MeanIntensity,15002.670923144386,4.176168583317193
Post2_IB_25thIntensityPercentile,15118.809593039818,4.179517597545713
Post1_IB_RootMeanSquareIntensity,16749.73084596941,4.224007832683345
Post2_IB_IntensityInterquartileRange,17038.091004317946,4.23142093358007
T2_IB_IntensityInterquartileRange,17814.716403593353,4.2507789131122475
Post1_IB_50thIntensityPercentile,18408.50200101293,4.26501844906004
Post1_IB_MedianIntensity,18408.50200101293,4.26501844906004
Pre_IB_MaximumIntensity,19566.09087261713,4.291504066228573
T2_GLCM_ClusterTendency,19960.089632828567,4.3001624871996205
T2_GLCM_SumVariance,19960.089632828567,4.3001624871996205
Post2_GLCM_SumVariance,20639.31416500764,4.31469526178747
Post2_GLCM_ClusterTendency,20639.31416500764,4.31469526178747
ADC_IB_IntensityBasedRobustMeanAbsoluteDeviation,21988.02301531221,4.342186182878824
ADC_GLSZM_NormalisedGreyLevelNonUniformity,22374.537128259322,4.3497540596428275
ADC_IB_IntensityRange,22447.642401370707,4.351170735279596
Post2_IH_AreaUnderCurveCIVH_Intensity,22827.682682675488,4.3584618269870985
Post2_IB_MeanIntensity,22862.351182713057,4.359120891552297
Pre_IB_IntensityRange,22891.44751911422,4.359673255745198
T2_IB_25thIntensityPercentile,23578.49203045066,4.372516026213016
ADC_GLCM_Autocorrelation,25525.82217465246,4.406979739403971
ADC_GLCM_SumAverage,25525.82217465246,4.406979739403971
Post1_GLSZM_HighGrayLevelZoneEmphasis,25725.943609116184,4.410371313335986
Post2_IB_RootMeanSquareIntensity,25855.074785420977,4.412545798300264
Post1_IB_75thIntensityPercentile,27326.154789322125,4.436578524072179
ADC_GLSZM_SmallZoneLowGreyLevelEmphasis,27340.41940996912,4.436805172486308
Post2_IB_50thIntensityPercentile,27435.612545311767,4.438314660981126
Post2_IB_MedianIntensity,27435.612545311767,4.438314660981126
Post1_GLRLM_ShortRunHighGreyLevelEmphasis,29255.750031226158,4.466211236620291
ADC_IB_90thIntensityPercentile,30753.60949053996,4.487896095390408
Post1_GLRLM_HighGreyLevelRunEmphasis,32943.41058465353,4.517768559054114
Post1_IB_90thIntensityPercentile,33290.886349158376,4.522325358131258
T2_IH_AreaUnderCurveCIVH_Intensity,33903.22888810625,4.530241061669432
T2_IB_MeanIntensity,34021.30190319249,4.531750928869554
Post1_GLCM_Autocorrelation,38046.66077022493,4.580316546186663
T2_IB_RootMeanSquareIntensity,38805.049290784555,4.588888239420263
Pre_GLSZM_ZoneSizeNonUniformity,40505.54175716679,4.607514445187761
Pre_GLSZM_HighGrayLevelZoneEmphasis,41151.183036123824,4.614382325056797
Post2_IB_75thIntensityPercentile,42292.70975036207,4.626265511865468
T2_IB_MedianIntensity,42642.06853130334,4.6298382637938715
T2_IB_50thIntensityPercentile,42642.06853130334,4.6298382637938715
Pre_GLRLM_ShortRunHighGreyLevelEmphasis,43779.63164645501,4.641272103175609
Post1_IB_MaximumIntensity,44473.38724663626,4.648100208074996
Post1_IB_IntensityRange,47438.590947767734,4.6761317808474105
Pre_GLRLM_HighGreyLevelRunEmphasis,48612.48051926415,4.686747782118432
Post2_IB_90thIntensityPercentile,50887.84550673096,4.706614064071461
Pre_GLCM_Autocorrelation,53114.69262783782,4.725214672579862
Post1_GLRLM_LongRunHighGreyLevelEmphasis,53488.37563738414,4.728259409216155
Post2_GLSZM_HighGrayLevelZoneEmphasis,54306.343398595825,4.734850561487622
T2_IB_75thIntensityPercentile,56314.45570120766,4.750619890862438
Post1_GLSZM_ZoneSizeNonUniformity,60041.47793178824,4.778451373939662
T2_GLSZM_HighGrayLevelZoneEmphasis,61183.42767761223,4.786633803798929
Post2_GLRLM_ShortRunHighGreyLevelEmphasis,63069.94410092315,4.799822446077014
Post2_IB_MaximumIntensity,65238.46926015238,4.81450376230588
T2_IB_90thIntensityPercentile,67101.33093480277,4.826731134355403
Post2_IB_IntensityRange,68018.5962266238,4.832627664684
Post2_GLRLM_HighGreyLevelRunEmphasis,70742.91791389263,4.8496829690745376
T2_GLRLM_ShortRunHighGreyLevelEmphasis,73268.83581067905,4.864919290965582
Pre_GLRLM_LongRunHighGreyLevelEmphasis,81396.33459622672,4.910604848372319
Post2_GLCM_Autocorrelation,82744.03151602545,4.917736677092602
Post2_IH_MinimumHistogramGradient_Intensity,85264.5570913932,4.930768540447592
T2_IB_IntensityRange,89614.325000586,4.952377437914817
ADC_IB_MaximumIntensity,90035.14198519885,4.954412053788062
T2_IB_MaximumIntensity,91093.6341317772,4.959488028366627
Post2_IH_MaximumHistogramGradient_Intensity,107001.46800845802,5.029389736036604
T2_GLRLM_HighGreyLevelRunEmphasis,107639.60673596489,5.031972102388703
Post2_GLRLM_LongRunHighGreyLevelEmphasis,111386.36996699162,5.046832050709506
T2_GLCM_Autocorrelation,127064.8411387937,5.104025397826032
Post1_IH_MaximumHistogramGradient_Intensity,148253.87050669582,5.171006040436014
Post1_IH_MinimumHistogramGradient_Intensity,168336.8181533401,5.22617911402732
Post2_GLSZM_ZoneSizeNonUniformity,170747.80952045153,5.232355140937567
ADC_GLRLM_ShortRunLowGreyLevelEmphasis,170900.40934093346,5.232743102944819
ADC_GLSZM_LowGrayLevelZoneEmphasis,200187.07501932504,5.3014360340374544
ADC_GLRLM_LowGreyLevelRunEmphasis,223668.37674569382,5.349604585904081
ADC_GLCM_Correlation,236506.22005464855,5.373842567060674
ADC_IB_MedianIntensity,275742.58490671986,5.44050384249974
T2_IH_MaximumHistogramGradient_Intensity,345363.33847599657,5.538276233802877
ADC_IB_MinimumIntensity,373695.0640102188,5.572517361464082
T2_IH_MinimumHistogramGradient_Intensity,405200.4046518913,5.607669870395044
ADC_IB_IntensityBasedEnergy,417568.13981103036,5.620727354859832
ADC_NGTDM_Busyness,424917.2372864262,5.628304349132667
ADC_IH_IntensityHistogramEntropyLog2_Intensity,430331.25169845554,5.633802886745688
ADC_IB_10thIntensityPercentile,430393.5273044212,5.6338657313453435
Post2_GLRLM_GreyLevelNonUniformity,431928.5281152424,5.635411889377122
ADC_Morph_IntegratedIntensity_Intensity,435398.5565900508,5.638886984957682
ADC_GLRLM_LongRunHighGreyLevelEmphasis,457476.19510018383,5.660368500357425
ADC_IB_IntensityKurtosis,477289.1048997366,5.678781520819357
ADC_IB_25thIntensityPercentile,477289.1048997366,5.678781520819357
ADC_IB_50thIntensityPercentile,521829.60598243604,5.7175287151437635
ADC_IB_75thIntensityPercentile,558866.3163071767,5.747307934839095
ADC_IB_IntensityInterquartileRange,584011.9808124966,5.766421756611346
ADC_IB_StandardDeviation,666418.9971238781,5.8237473686935655
T2_NGTDM_Complexity,704907.8424965937,5.8481323423653615
T2_GLRLM_GreyLevelNonUniformity,765567.9371318776,5.883983736395893
Post1_GLRLM_GreyLevelNonUniformity,800420.5075787334,5.9033182071683035
Post1_NGTDM_Complexity,849132.1377638081,5.928975278272602
ADC_GLRLM_LongRunLowGreyLevelEmphasis,938995.3872481298,5.9726634588288325
T2_GLRLM_LongRunHighGreyLevelEmphasis,939945.2544211976,5.973102559562297
Post1_GLCM_ClusterShade,983950.8543896017,5.992973407170747
ADC_IH_MaximumHistogramGradientGreyLevel_Intensity,1022989.067585559,6.009870992546339
Pre_IB_AreaUnderCurveCIVH,1218940.4481992188,6.085982488514009
ADC_IH_RootMeanSquare_Intensity,1352430.5507087472,6.131114972692938
Pre_IH_MinimumHistogramGradient_Intensity,1745106.9288511244,6.241822042863818
Pre_GLRLM_GreyLevelNonUniformity,1754162.1039894945,6.244069724500445
Pre_IH_MaximumHistogramGradient_Intensity,2019855.2469261487,6.305320246816036
Pre_NGTDM_Complexity,2308574.3088849657,6.363343858276072
Pre_GLSZM_LargeZoneLowGreyLevelEmphasis,2471379.5676508253,6.3929394517868605
Post2_NGTDM_Complexity,2591963.1709215865,6.4136288263732615
Post2_GLCM_ClusterShade,2909285.256625476,6.4637863060888145
Pre_GLCM_ClusterShade,3126226.325088919,6.495020415839023
Pre_IB_TotalLesionGlycolysis,5877559.682229027,6.769197047755486
Post1_IB_AreaUnderCurveCIVH,6966614.152811098,6.843021757721967
ADC_GLCM_ClusterTendency,8886980.729291117,6.948754238436346
T2_GLCM_ClusterShade,9180686.955278903,6.962875178992617
Post2_IB_AreaUnderCurveCIVH,10559231.498659803,7.023632311376158
Post2_GLSZM_LargeZoneLowGreyLevelEmphasis,11010054.265376564,7.041789459489056
Post1_IB_TotalLesionGlycolysis,17847926.765443843,7.251587775259372
ADC_GLRLM_GreyLevelNonUniformity,18055774.211003873,7.2566161152141335
T2_IB_AreaUnderCurveCIVH,20068285.62961187,7.302510273663344
Pre_GLRLM_RunLengthNonUniformity,20910529.830658425,7.320365037103473
T2_IB_TotalLesionGlycolysis,28382446.00486319,7.453049820319462
T2_GLRLM_RunLengthNonUniformity,29222342.501415644,7.46571502661067
Post1_GLSZM_LargeZoneLowGreyLevelEmphasis,29481304.16403259,7.469546691490777
Post2_GLSZM_ZoneSizeVariance,35149681.77106731,7.545921397472626
Post2_IB_TotalLesionGlycolysis,39543066.51439139,7.597070345266955
Post2_GLSZM_LargeZoneEmphasis,39758418.57558968,7.599429101641929
Pre_IB_IntensityVariance,64206566.89758496,7.807579448965008
Post1_GLRLM_RunLengthNonUniformity,71033611.70741104,7.851463896957313
Post2_GLRLM_RunLengthNonUniformity,93972975.08258983,7.973002976365821
Post1_GLSZM_ZoneSizeVariance,126002756.32299358,8.100380045457035
Post1_GLSZM_LargeZoneEmphasis,142845926.18531924,8.15486785927624
Post1_IB_IntensityVariance,233485472.67799067,8.368259864208097
Pre_Morph_voxelsCounting_vx,234130593.60576397,8.369458166221406
T2_Morph_voxelsCounting_vx,234130593.60576397,8.369458166221406
Post2_Morph_voxelsCounting_vx,234130593.60576397,8.369458166221406
Post1_Morph_voxelsCounting_vx,234131205.64727074,8.369459301510467
ADC_Morph_ApproximateVolume_cm3,234264255.5384133,8.369706028218488
ADC_IB_RootMeanSquareIntensity,454410153.8795598,8.65744802720251
Post2_IB_IntensityVariance,527860808.95422596,8.722519418987611
T2_IB_IntensityVariance,657977788.6331307,8.818211233375536
ADC_IB_IntensityBasedQuartileCoefficientOfDispersion,1414782113.6734428,9.15068956062672
ADC_GLSZM_GreyLevelVariance,1732210153.2535956,9.238600579864807
T2_GLSZM_ZoneSizeVariance,2147315407.2437067,9.331895840228011
ADC_GLSZM_SmallZoneHighGreyLevelEmphasis,2576247925.213974,9.410987655027547
T2_GLSZM_LargeZoneLowGreyLevelEmphasis,3099470995.955223,9.491287576691613
ADC_GLSZM_SmallZoneEmphasis,3658379004.5000205,9.563288695956283
Pre_GLSZM_ZoneSizeVariance,4198775838.8453465,9.623122689462623
Pre_GLSZM_LargeZoneEmphasis,4211066843.1542873,9.624392135123106
T2_GLSZM_LargeZoneEmphasis,4434797424.884662,9.646873786678665
Post1_GLCM_ClusterProminence,5613441959.332643,9.74922923657977
Pre_GLCM_ClusterProminence,17268361675.291134,10.237251136112228
ADC_IB_MeanIntensity,19189092646.65959,10.283054439672146
Post2_GLCM_ClusterProminence,27740785848.408432,10.443118759721884
T2_GLCM_ClusterProminence,55972860085.982475,10.747977498935043
ADC_GLCM_ClusterShade,75248041813.11922,10.876495202726716
Post2_GLSZM_LargeZoneHighGreyLevelEmphasis,776359215130.9397,11.890062712305166
Post1_GLSZM_LargeZoneHighGreyLevelEmphasis,3020116035208.2383,12.480023629209652
Pre_Morph_IntegratedIntensity_Intensity,5867637427169.036,12.76846327009206
Post1_Morph_IntegratedIntensity_Intensity,17798925331368.465,13.250393781143377
T2_Morph_IntegratedIntensity_Intensity,28353683486630.44,13.452609487003244
Post2_Morph_IntegratedIntensity_Intensity,39525806483041.445,13.596880740022623
T2_GLSZM_LargeZoneHighGreyLevelEmphasis,75023966738747.17,13.875200022853964
Pre_GLSZM_LargeZoneHighGreyLevelEmphasis,88444094292506.97,13.94666883892121
ADC_GLSZM_LargeZoneLowGreyLevelEmphasis,449192903344355.8,14.65243288636339
ADC_Morph_SphereDiameter_mm,454493613338954.0,14.657527784783204
Pre_IB_IntensityBasedEnergy,1.6419451294306026e+17,17.215358639760474
Post1_IB_IntensityBasedEnergy,1.6980224925704755e+18,18.229943438755132
T2_IB_IntensityBasedEnergy,6.179417834861705e+18,18.790947561979365
Post2_IB_IntensityBasedEnergy,8.335290377289874e+18,18.92092073398502
ADC_IB_AreaUnderCurveCIVH,1.0195527922150741e+21,21.008409718367318
