Model,y_true,y_prob,y_pred
LogisticRegression,1,0.5608040163784526,1
LogisticRegression,1,0.8458675257928738,1
LogisticRegression,1,0.5085760325136314,1
LogisticRegression,1,0.9210181317336472,1
LogisticRegression,1,0.9605278254547464,1
LogisticRegression,0,0.2241986640251499,0
LogisticRegression,1,0.8891979007056976,1
LogisticRegression,0,0.6232789777052646,1
LogisticRegression,1,0.9250760046662242,1
LogisticRegression,0,0.3434899622049477,0
LogisticRegression,1,0.5956213115014611,1
LogisticRegression,1,0.7387854805994069,1
LogisticRegression,1,0.9726313995883782,1
LogisticRegression,0,0.2983314023446872,0
LogisticRegression,1,0.7817545778142866,1
LogisticRegression,0,0.5854173562567829,1
LogisticRegression,0,0.9218664063229728,1
LogisticRegression,0,0.9053077727924638,1
LogisticRegression,0,0.853999792480392,1
LogisticRegression,0,0.45195572629960656,0
LogisticRegression,0,0.47920900092114527,0
LogisticRegression,0,0.3581794729817735,0
LogisticRegression,1,0.6523267004225943,1
LogisticRegression,1,0.6118309312967504,1
LogisticRegression,1,0.4378715322120187,0
LogisticRegression,1,0.6487815792717364,1
LogisticRegression,0,0.59230892585628,1
LogisticRegression,1,0.8648268782148975,1
LogisticRegression,1,0.5815668570185935,1
LogisticRegression,1,0.49096597119967034,0
LogisticRegression,1,0.6182154021205515,1
LogisticRegression,1,0.39313739452819024,0
LogisticRegression,1,0.6550333522112101,1
LogisticRegression,1,0.7375010031657282,1
LogisticRegression,1,0.5442739878692906,1
LogisticRegression,1,0.4549761087318513,0
LogisticRegression,0,0.38713151146721114,0
LogisticRegression,0,0.5174719111121926,1
LogisticRegression,0,0.269875715872065,0
LogisticRegression,1,0.8157638877418542,1
LogisticRegression,1,0.7108627274873566,1
LogisticRegression,0,0.38082982326882364,0
LogisticRegression,0,0.8053346969195403,1
LogisticRegression,0,0.455834954903505,0
LogisticRegression,0,0.6563166990832444,1
LogisticRegression,1,0.5512673611430908,1
LogisticRegression,1,0.7688420847031665,1
LogisticRegression,1,0.9327630768053576,1
LogisticRegression,1,0.9725837831313896,1
LogisticRegression,1,0.9816093530294239,1
LogisticRegression,1,0.8704478760381806,1
LogisticRegression,1,0.6555514623364986,1
LogisticRegression,1,0.8254462117692397,1
LogisticRegression,1,0.04949413785348838,0
LogisticRegression,0,0.11623162157920519,0
LogisticRegression,0,0.0623444153823244,0
LogisticRegression,0,0.4363632549219133,0
LogisticRegression,0,0.004039734446246739,0
LogisticRegression,0,0.35065876895024056,0
LogisticRegression,0,0.4192980874030335,0
LogisticRegression,0,0.8183334755530535,1
LogisticRegression,0,0.020368588763874332,0
LogisticRegression,0,0.17277105139222484,0
LogisticRegression,0,0.1955070810658235,0
LogisticRegression,0,0.8176256988388586,1
LogisticRegression,0,0.16502874547648028,0
LogisticRegression,0,0.39322629256243957,0
LogisticRegression,0,0.17440338062656943,0
LogisticRegression,1,0.1827549324212164,0
LogisticRegression,1,0.10355425486406297,0
LogisticRegression,0,0.11654471981447624,0
LogisticRegression,0,0.06541091426605891,0
LogisticRegression,1,0.024571403809674944,0
LogisticRegression,1,0.1062073435805048,0
LogisticRegression,1,0.3735521743388066,0
LogisticRegression,1,0.790951323476743,1
LogisticRegression,1,0.8808231001492534,1
LogisticRegression,1,0.42687267444303945,0
LogisticRegression,1,0.2626283422437217,0
LogisticRegression,1,0.46689262007149623,0
LogisticRegression,1,0.715467735282344,1
LogisticRegression,1,0.38341341429058867,0
LogisticRegression,1,0.2929301986948748,0
LogisticRegression,1,0.27301595979277576,0
LogisticRegression,0,0.06965042495206553,0
LogisticRegression,1,0.4178867478767386,0
LogisticRegression,1,0.6083883748994946,1
LogisticRegression,1,0.870298340052109,1
LogisticRegression,1,0.24255425027779823,0
LogisticRegression,1,0.7309705348781186,1
LogisticRegression,0,0.20884966748924727,0
LogisticRegression,0,0.2993557377598553,0
LogisticRegression,1,0.2498189292425462,0
LogisticRegression,1,0.7584545452790645,1
LogisticRegression,1,0.7657742644687372,1
LogisticRegression,1,0.32974096926102264,0
LogisticRegression,1,0.6187009374874275,1
LogisticRegression,1,0.6036029124971888,1
LogisticRegression,1,0.9752010413160271,1
LogisticRegression,0,0.3939717839206107,0
LogisticRegression,0,0.2802395982465008,0
LogisticRegression,1,0.38472752037606356,0
LogisticRegression,1,0.7587739016879439,1
LogisticRegression,1,0.34081501550143906,0
LogisticRegression,0,0.25643280404602514,0
LogisticRegression,0,0.8361883898613747,1
LogisticRegression,0,0.3030881861608194,0
LogisticRegression,0,0.16396887288785697,0
LogisticRegression,0,0.4961504837433508,0
LogisticRegression,0,0.3261853732251404,0
LogisticRegression,0,0.36935385076705984,0
LogisticRegression,0,0.3891363495803848,0
LogisticRegression,0,0.4695128877621226,0
LogisticRegression,0,0.42149026725608696,0
SVM_RBF,1,0.5776536844616323,1
SVM_RBF,1,0.9127528232743533,1
SVM_RBF,1,0.45270323578260574,0
SVM_RBF,1,0.9072745054713534,1
SVM_RBF,1,0.9753304343440642,1
SVM_RBF,0,0.12511017327745466,0
SVM_RBF,1,0.9267918575174412,1
SVM_RBF,0,0.5934832036678315,1
SVM_RBF,1,0.9311672626647522,1
SVM_RBF,0,0.26514484252958637,0
SVM_RBF,1,0.7273880334358799,1
SVM_RBF,1,0.776625601919305,1
SVM_RBF,1,0.9762231480999944,1
SVM_RBF,0,0.21684863959549308,0
SVM_RBF,1,0.832459347809913,1
SVM_RBF,0,0.46029527795981195,0
SVM_RBF,0,0.9032826098246408,1
SVM_RBF,0,0.9443457061515008,1
SVM_RBF,0,0.7638641580800614,1
SVM_RBF,0,0.31152498496262615,0
SVM_RBF,0,0.37570470917205406,0
SVM_RBF,0,0.3075613143189164,0
SVM_RBF,1,0.6480242748748706,1
SVM_RBF,1,0.5888545655304649,1
SVM_RBF,1,0.4165188662752879,0
SVM_RBF,1,0.6278757683457753,1
SVM_RBF,0,0.5673679122954081,1
SVM_RBF,1,0.8011778606711013,1
SVM_RBF,1,0.5995525580945927,1
SVM_RBF,1,0.6032777802319286,1
SVM_RBF,1,0.6648437762519169,1
SVM_RBF,1,0.4186327297757282,0
SVM_RBF,1,0.6239816306965378,1
SVM_RBF,1,0.6477532139917473,1
SVM_RBF,1,0.5417775566526624,1
SVM_RBF,1,0.4457191160626957,0
SVM_RBF,0,0.3814857411734568,0
SVM_RBF,0,0.4678832759909165,0
SVM_RBF,0,0.2684700275125023,0
SVM_RBF,1,0.7617643467394019,1
SVM_RBF,1,0.6487484330804464,1
SVM_RBF,0,0.3927194329783343,0
SVM_RBF,0,0.7441803811816833,1
SVM_RBF,0,0.4490214653638328,0
SVM_RBF,0,0.570651472499012,1
SVM_RBF,1,0.5090719381597184,1
SVM_RBF,1,0.7249436208066394,1
SVM_RBF,1,0.8677984335037171,1
SVM_RBF,1,0.8347973757938063,1
SVM_RBF,1,0.6278131043612238,1
SVM_RBF,1,0.8324092604781308,1
SVM_RBF,1,0.6620256592797326,1
SVM_RBF,1,0.8038893535680874,1
SVM_RBF,1,0.1333088276234235,0
SVM_RBF,0,0.15479164694403083,0
SVM_RBF,0,0.22794136213502653,0
SVM_RBF,0,0.3764320414277138,0
SVM_RBF,0,0.46023498031013166,0
SVM_RBF,0,0.4153795208050539,0
SVM_RBF,0,0.4114155600345489,0
SVM_RBF,0,0.7288818484415924,1
SVM_RBF,0,0.45385325750843764,0
SVM_RBF,0,0.283676295949744,0
SVM_RBF,0,0.33520230009095275,0
SVM_RBF,0,0.4769083407410086,0
SVM_RBF,0,0.3295613008986347,0
SVM_RBF,0,0.4169842115294477,0
SVM_RBF,0,0.07280406019345795,0
SVM_RBF,1,0.2998513652132674,0
SVM_RBF,1,0.05985608177069712,0
SVM_RBF,0,0.035945423636394164,0
SVM_RBF,0,0.022403312153140134,0
SVM_RBF,1,0.08312710533381584,0
SVM_RBF,1,0.06258089660368996,0
SVM_RBF,1,0.4098852571530188,0
SVM_RBF,1,0.8790405940242344,1
SVM_RBF,1,0.9441127967501554,1
SVM_RBF,1,0.467794841501249,0
SVM_RBF,1,0.22267358049200459,0
SVM_RBF,1,0.42015817012205403,0
SVM_RBF,1,0.7795339116570951,1
SVM_RBF,1,0.35913692739007824,0
SVM_RBF,1,0.3451798798062425,0
SVM_RBF,1,0.156726532916991,0
SVM_RBF,0,0.05108568401940964,0
SVM_RBF,1,0.40026760045449866,0
SVM_RBF,1,0.5357531341628787,1
SVM_RBF,1,0.9076461807044929,1
SVM_RBF,1,0.13843552881569754,0
SVM_RBF,1,0.8341042149630692,1
SVM_RBF,0,0.215046171196828,0
SVM_RBF,0,0.34768743179407596,0
SVM_RBF,1,0.23180385073701196,0
SVM_RBF,1,0.6712728964176646,1
SVM_RBF,1,0.86609135047003,1
SVM_RBF,1,0.29484922694787774,0
SVM_RBF,1,0.5913117755458247,1
SVM_RBF,1,0.5697224583265754,1
SVM_RBF,1,0.705716817321838,1
SVM_RBF,0,0.25098140108037764,0
SVM_RBF,0,0.1615346505477676,0
SVM_RBF,1,0.2665521789394325,0
SVM_RBF,1,0.8151488658572864,1
SVM_RBF,1,0.22475372923824838,0
SVM_RBF,0,0.17132962939306806,0
SVM_RBF,0,0.7921225186894615,1
SVM_RBF,0,0.17606512645735262,0
SVM_RBF,0,0.08717677987172726,0
SVM_RBF,0,0.49110605373134936,0
SVM_RBF,0,0.29285729392603876,0
SVM_RBF,0,0.25621891865248203,0
SVM_RBF,0,0.33686179332525323,0
SVM_RBF,0,0.36328119435684875,0
SVM_RBF,0,0.34340393439588257,0
SVM_Linear,1,0.564291606699103,1
SVM_Linear,1,0.8402076952078696,1
SVM_Linear,1,0.5215078668753779,1
SVM_Linear,1,0.935948687987424,1
SVM_Linear,1,0.9657513082071447,1
SVM_Linear,0,0.1927028523700344,0
SVM_Linear,1,0.868556135913001,1
SVM_Linear,0,0.6157062599818391,1
SVM_Linear,1,0.9474655812739057,1
SVM_Linear,0,0.30611374290148036,0
SVM_Linear,1,0.5152569467197673,1
SVM_Linear,1,0.7397941230499776,1
SVM_Linear,1,0.9734159015316651,1
SVM_Linear,0,0.26154371155465306,0
SVM_Linear,1,0.7721011491551589,1
SVM_Linear,0,0.5784873491033237,1
SVM_Linear,0,0.9339962945002577,1
SVM_Linear,0,0.9185332480406518,1
SVM_Linear,0,0.838955286432053,1
SVM_Linear,0,0.42512338590750914,0
SVM_Linear,0,0.4536962236314905,0
SVM_Linear,0,0.3142051689253864,0
SVM_Linear,1,0.638403651466368,1
SVM_Linear,1,0.6313551585149435,1
SVM_Linear,1,0.4358935101483617,0
SVM_Linear,1,0.6099367625377585,1
SVM_Linear,0,0.5498090453626742,1
SVM_Linear,1,0.7952831140112944,1
SVM_Linear,1,0.5795639257518443,1
SVM_Linear,1,0.5380343769831741,1
SVM_Linear,1,0.6297351634998692,1
SVM_Linear,1,0.35904546678275334,0
SVM_Linear,1,0.6546232902269348,1
SVM_Linear,1,0.6423233661703138,1
SVM_Linear,1,0.5231430807960731,1
SVM_Linear,1,0.41951877469935256,0
SVM_Linear,0,0.4145963149886359,0
SVM_Linear,0,0.567072783502364,1
SVM_Linear,0,0.35485752430584844,0
SVM_Linear,1,0.7706199576200233,1
SVM_Linear,1,0.6466169194633358,1
SVM_Linear,0,0.4127843600850025,0
SVM_Linear,0,0.7100924900166288,1
SVM_Linear,0,0.4357547616380187,0
SVM_Linear,0,0.545845315634977,1
SVM_Linear,1,0.5,1
SVM_Linear,1,0.6579744280186237,1
SVM_Linear,1,0.8118245492353008,1
SVM_Linear,1,0.8858393052396003,1
SVM_Linear,1,0.8780253833201265,1
SVM_Linear,1,0.729504827992524,1
SVM_Linear,1,0.5747925233733149,1
SVM_Linear,1,0.6935357495532616,1
SVM_Linear,1,0.14575523816536012,0
SVM_Linear,0,0.22057273647430653,0
SVM_Linear,0,0.17451981383694215,0
SVM_Linear,0,0.3478790052429276,0
SVM_Linear,0,0.07790332689703908,0
SVM_Linear,0,0.3871400474282643,0
SVM_Linear,0,0.43628829789446677,0
SVM_Linear,0,0.6739280655849761,1
SVM_Linear,0,0.2357377376412178,0
SVM_Linear,0,0.24419424636352136,0
SVM_Linear,0,0.23976633238920103,0
SVM_Linear,0,0.5104854538283439,1
SVM_Linear,0,0.21057081695551488,0
SVM_Linear,0,0.3418809609419134,0
SVM_Linear,0,0.09135048534197093,0
SVM_Linear,1,0.1942369648362445,0
SVM_Linear,1,0.0615063984489931,0
SVM_Linear,0,0.05905217609680122,0
SVM_Linear,0,0.03458811366184162,0
SVM_Linear,1,0.014437448679473218,0
SVM_Linear,1,0.04546568540594464,0
SVM_Linear,1,0.33013115798722525,0
SVM_Linear,1,0.8089412926240436,1
SVM_Linear,1,0.9150003596626204,1
SVM_Linear,1,0.38427042944241313,0
SVM_Linear,1,0.2060123786035773,0
SVM_Linear,1,0.38800172040984526,0
SVM_Linear,1,0.7242461642498936,1
SVM_Linear,1,0.3149107961516894,0
SVM_Linear,1,0.3502079445977778,0
SVM_Linear,1,0.192717606899978,0
SVM_Linear,0,0.03449492714139799,0
SVM_Linear,1,0.3946834152176689,0
SVM_Linear,1,0.5498884420074327,1
SVM_Linear,1,0.91338652257147,1
SVM_Linear,1,0.18608237118173054,0
SVM_Linear,1,0.7944332287470064,1
SVM_Linear,0,0.19302625160223366,0
SVM_Linear,0,0.2547279744756448,0
SVM_Linear,1,0.2758240285371847,0
SVM_Linear,1,0.8294191799915056,1
SVM_Linear,1,0.7521102322489547,1
SVM_Linear,1,0.2902657581980148,0
SVM_Linear,1,0.7371811932616956,1
SVM_Linear,1,0.6972375198411196,1
SVM_Linear,1,0.9893902045314779,1
SVM_Linear,0,0.3379375242938955,0
SVM_Linear,0,0.3037209809508547,0
SVM_Linear,1,0.3615112194960155,0
SVM_Linear,1,0.7185856609122937,1
SVM_Linear,1,0.34759658956127587,0
SVM_Linear,0,0.23092655656832095,0
SVM_Linear,0,0.900969032847301,1
SVM_Linear,0,0.25893377915714616,0
SVM_Linear,0,0.136847147370197,0
SVM_Linear,0,0.5285688487286452,1
SVM_Linear,0,0.3001580989407283,0
SVM_Linear,0,0.37794751833635454,0
SVM_Linear,0,0.4335659733878411,0
SVM_Linear,0,0.5214112502509082,1
SVM_Linear,0,0.4285795534020053,0
RandomForest,1,0.6371168243574347,1
RandomForest,1,0.6681492506545724,1
RandomForest,1,0.535976001932209,1
RandomForest,1,0.5322478795092759,1
RandomForest,1,0.8583496086563052,1
RandomForest,0,0.3942223468818164,0
RandomForest,1,0.6569069436844601,1
RandomForest,0,0.6329161269944383,1
RandomForest,1,0.7124802200539034,1
RandomForest,0,0.3001317670695602,0
RandomForest,1,0.5151720027940381,1
RandomForest,1,0.6460524566515032,1
RandomForest,1,0.7676612413152885,1
RandomForest,0,0.31014182939394946,0
RandomForest,1,0.6040135987546021,1
RandomForest,0,0.48788292257511806,0
RandomForest,0,0.7148690182380623,1
RandomForest,0,0.6785818477773391,1
RandomForest,0,0.5545911214705976,1
RandomForest,0,0.4837002469140563,0
RandomForest,0,0.40367244701964544,0
RandomForest,0,0.42849616125820283,0
RandomForest,1,0.5921854910966351,1
RandomForest,1,0.6743725730855608,1
RandomForest,1,0.509065226196209,1
RandomForest,1,0.6371082572543139,1
RandomForest,0,0.5416837207261304,1
RandomForest,1,0.6814214078270002,1
RandomForest,1,0.6215178254289695,1
RandomForest,1,0.4928135501531132,0
RandomForest,1,0.5621074724115435,1
RandomForest,1,0.3782491621751713,0
RandomForest,1,0.6471399152040952,1
RandomForest,1,0.6986113486789531,1
RandomForest,1,0.6012174029880561,1
RandomForest,1,0.5412462415771142,1
RandomForest,0,0.44195164156810135,0
RandomForest,0,0.519103257172701,1
RandomForest,0,0.3715466065410158,0
RandomForest,1,0.6902129351929708,1
RandomForest,1,0.6275671103456466,1
RandomForest,0,0.31651970223376474,0
RandomForest,0,0.7597409393479282,1
RandomForest,0,0.4323306788783198,0
RandomForest,0,0.5782869550738013,1
RandomForest,1,0.5806821019120619,1
RandomForest,1,0.6471773242095549,1
RandomForest,1,0.9058249783183773,1
RandomForest,1,0.7974779958333329,1
RandomForest,1,0.5578116353329932,1
RandomForest,1,0.7097169963334276,1
RandomForest,1,0.7798679584245861,1
RandomForest,1,0.7998783558015018,1
RandomForest,1,0.1717935100278491,0
RandomForest,0,0.21235522726246844,0
RandomForest,0,0.2145759725057882,0
RandomForest,0,0.3872230618673444,0
RandomForest,0,0.49067937349830126,0
RandomForest,0,0.5177618717769205,1
RandomForest,0,0.4498864145732412,0
RandomForest,0,0.754058524475778,1
RandomForest,0,0.42534917190064236,0
RandomForest,0,0.3967411987837701,0
RandomForest,0,0.39244893218425203,0
RandomForest,0,0.8485088537088591,1
RandomForest,0,0.43280859713085695,0
RandomForest,0,0.6090580621924221,1
RandomForest,0,0.28539686915779017,0
RandomForest,1,0.5023517369156962,1
RandomForest,1,0.22771561226640138,0
RandomForest,0,0.23206027710128083,0
RandomForest,0,0.16384801927900533,0
RandomForest,1,0.5134386544784203,1
RandomForest,1,0.2623849982341545,0
RandomForest,1,0.511087456647536,1
RandomForest,1,0.7466365495317073,1
RandomForest,1,0.8037552855325358,1
RandomForest,1,0.46997154662903884,0
RandomForest,1,0.31091488087430574,0
RandomForest,1,0.588382984688156,1
RandomForest,1,0.6554645255299077,1
RandomForest,1,0.5011303286557376,1
RandomForest,1,0.45601770237141465,0
RandomForest,1,0.28804308600251094,0
RandomForest,0,0.23314360649439558,0
RandomForest,1,0.3320672052038971,0
RandomForest,1,0.6433497338734233,1
RandomForest,1,0.7293751291034971,1
RandomForest,1,0.1904040046470208,0
RandomForest,1,0.6102871162585511,1
RandomForest,0,0.5026971673284245,1
RandomForest,0,0.4127835098161715,0
RandomForest,1,0.3163349483127648,0
RandomForest,1,0.5881970980586091,1
RandomForest,1,0.7465643684791029,1
RandomForest,1,0.48605466276916026,0
RandomForest,1,0.4521442376177479,0
RandomForest,1,0.4618153905934179,0
RandomForest,1,0.725322607742872,1
RandomForest,0,0.37445124496556903,0
RandomForest,0,0.43361324340200286,0
RandomForest,1,0.44400191077926593,0
RandomForest,1,0.6260345072513211,1
RandomForest,1,0.47795874658137194,0
RandomForest,0,0.35493682336494425,0
RandomForest,0,0.7274656039367307,1
RandomForest,0,0.38549776610333525,0
RandomForest,0,0.3059521242758027,0
RandomForest,0,0.5002044297165115,1
RandomForest,0,0.35529202312531494,0
RandomForest,0,0.4962682590513299,0
RandomForest,0,0.48029573214422994,0
RandomForest,0,0.32968998078661693,0
RandomForest,0,0.4900887596722701,0
GradientBoosting,1,0.5591757351651031,1
GradientBoosting,1,0.5797674998602499,1
GradientBoosting,1,0.4813059582024604,0
GradientBoosting,1,0.5582650906716412,1
GradientBoosting,1,0.6048626486049108,1
GradientBoosting,0,0.4723368133360243,0
GradientBoosting,1,0.5352486829488489,1
GradientBoosting,0,0.560546106468317,1
GradientBoosting,1,0.5612762828664373,1
GradientBoosting,0,0.44838826200122306,0
GradientBoosting,1,0.538513784708242,1
GradientBoosting,1,0.573913479890443,1
GradientBoosting,1,0.5875101588753132,1
GradientBoosting,0,0.44724584608832896,0
GradientBoosting,1,0.5754910124352953,1
GradientBoosting,0,0.4808557877217067,0
GradientBoosting,0,0.5691986514935098,1
GradientBoosting,0,0.5797674998602499,1
GradientBoosting,0,0.5300849580410866,1
GradientBoosting,0,0.48501645843533253,0
GradientBoosting,0,0.4728947891723582,0
GradientBoosting,0,0.48105024844136757,0
GradientBoosting,1,0.4906400851851013,0
GradientBoosting,1,0.5515850080019753,1
GradientBoosting,1,0.5765774377610605,1
GradientBoosting,1,0.5765774377610605,1
GradientBoosting,0,0.5765774377610605,1
GradientBoosting,1,0.4906400851851013,0
GradientBoosting,1,0.47742503237518613,0
GradientBoosting,1,0.4730576002580604,0
GradientBoosting,1,0.47742503237518613,0
GradientBoosting,1,0.4464230789314151,0
GradientBoosting,1,0.47742503237518613,0
GradientBoosting,1,0.5664432812583943,1
GradientBoosting,1,0.5765774377610605,1
GradientBoosting,1,0.5622358354604773,1
GradientBoosting,0,0.5765774377610605,1
GradientBoosting,0,0.5515850080019753,1
GradientBoosting,0,0.44872879333765187,0
GradientBoosting,1,0.5622358354604773,1
GradientBoosting,1,0.5664432812583943,1
GradientBoosting,0,0.44872879333765187,0
GradientBoosting,0,0.4307872987383823,0
GradientBoosting,0,0.44872879333765187,0
GradientBoosting,0,0.5765774377610605,1
GradientBoosting,1,0.5389794256578786,1
GradientBoosting,1,0.5052622644966099,1
GradientBoosting,1,0.9475399122242161,1
GradientBoosting,1,0.8318400657923721,1
GradientBoosting,1,0.773762033562408,1
GradientBoosting,1,0.804326156867947,1
GradientBoosting,1,0.79732546837241,1
GradientBoosting,1,0.9064718419531205,1
GradientBoosting,1,0.1877335747769181,0
GradientBoosting,0,0.26262598186212116,0
GradientBoosting,0,0.16062670534353282,0
GradientBoosting,0,0.5518735549725275,1
GradientBoosting,0,0.40480076552635996,0
GradientBoosting,0,0.5831427520555893,1
GradientBoosting,0,0.5829850169570604,1
GradientBoosting,0,0.8183337036112693,1
GradientBoosting,0,0.43411046325211733,0
GradientBoosting,0,0.36005395701858234,0
GradientBoosting,0,0.24030662819785337,0
GradientBoosting,0,0.8923494264210796,1
GradientBoosting,0,0.42124904506061966,0
GradientBoosting,0,0.5680935562082192,1
GradientBoosting,0,0.1681837325881568,0
GradientBoosting,1,0.3852648447993711,0
GradientBoosting,1,0.16501310490245288,0
GradientBoosting,0,0.25596336456267327,0
GradientBoosting,0,0.1480744000135251,0
GradientBoosting,1,0.40666898285508474,0
GradientBoosting,1,0.15487458358679046,0
GradientBoosting,1,0.4437556814252715,0
GradientBoosting,1,0.9114723253508337,1
GradientBoosting,1,0.8977075795794907,1
GradientBoosting,1,0.5506558863634377,1
GradientBoosting,1,0.2836959884252536,0
GradientBoosting,1,0.7381583702589076,1
GradientBoosting,1,0.6819345112758259,1
GradientBoosting,1,0.33188256163031965,0
GradientBoosting,1,0.28027427260398863,0
GradientBoosting,1,0.3190467375666646,0
GradientBoosting,0,0.15416876845652341,0
GradientBoosting,1,0.10891826482408097,0
GradientBoosting,1,0.8303728337424949,1
GradientBoosting,1,0.9128882531298685,1
GradientBoosting,1,0.1480744000135251,0
GradientBoosting,1,0.20893736962778595,0
GradientBoosting,0,0.5748423835317451,1
GradientBoosting,0,0.1286933623230707,0
GradientBoosting,1,0.1349725678145465,0
GradientBoosting,1,0.6829000077606763,1
GradientBoosting,1,0.8648434197351432,1
GradientBoosting,1,0.19245876112229715,0
GradientBoosting,1,0.5038831045139841,1
GradientBoosting,1,0.4137108099536178,0
GradientBoosting,1,0.9187046765964176,1
GradientBoosting,0,0.3391127293893726,0
GradientBoosting,0,0.30110973826693793,0
GradientBoosting,1,0.41467775485690467,0
GradientBoosting,1,0.7838511822585598,1
GradientBoosting,1,0.49161671340858726,0
GradientBoosting,0,0.23633025248381528,0
GradientBoosting,0,0.803693405579368,1
GradientBoosting,0,0.3641184831052979,0
GradientBoosting,0,0.14033817514232086,0
GradientBoosting,0,0.4725114605318201,0
GradientBoosting,0,0.28121262902004945,0
GradientBoosting,0,0.4975513854624961,0
GradientBoosting,0,0.5267563089516067,1
GradientBoosting,0,0.27872945684866757,0
GradientBoosting,0,0.44805837326046344,0
ExtraTrees,1,0.5274512664387796,1
ExtraTrees,1,0.6272139642262,1
ExtraTrees,1,0.4726171772078251,0
ExtraTrees,1,0.5332159482319743,1
ExtraTrees,1,0.707114884735035,1
ExtraTrees,0,0.43100791678346256,0
ExtraTrees,1,0.5929606747053887,1
ExtraTrees,0,0.5145051133875862,1
ExtraTrees,1,0.5794186615262886,1
ExtraTrees,0,0.4447194476147558,0
ExtraTrees,1,0.5657799338053535,1
ExtraTrees,1,0.5413708407073848,1
ExtraTrees,1,0.6674879666906279,1
ExtraTrees,0,0.4499875631823972,0
ExtraTrees,1,0.5856200485132012,1
ExtraTrees,0,0.4722980599136608,0
ExtraTrees,0,0.5944395079330225,1
ExtraTrees,0,0.6367788150241243,1
ExtraTrees,0,0.5724003661883553,1
ExtraTrees,0,0.4695378125481542,0
ExtraTrees,0,0.460584446284102,0
ExtraTrees,0,0.49077948433027585,0
ExtraTrees,1,0.7063132309745211,1
ExtraTrees,1,0.8861044851206139,1
ExtraTrees,1,0.5294738126317399,1
ExtraTrees,1,0.7874950462785701,1
ExtraTrees,0,0.6661632457471935,1
ExtraTrees,1,0.849406822165939,1
ExtraTrees,1,0.7498809924401089,1
ExtraTrees,1,0.5594031847781845,1
ExtraTrees,1,0.7870037913400817,1
ExtraTrees,1,0.44552510640877346,0
ExtraTrees,1,0.8303469215969218,1
ExtraTrees,1,0.6486732394407306,1
ExtraTrees,1,0.7380950166815096,1
ExtraTrees,1,0.614838633333303,1
ExtraTrees,0,0.37036642270739945,0
ExtraTrees,0,0.44610938709328857,0
ExtraTrees,0,0.24257800767791177,0
ExtraTrees,1,0.8675090885686959,1
ExtraTrees,1,0.6716068636348622,1
ExtraTrees,0,0.230066928130168,0
ExtraTrees,0,0.9000669411104193,1
ExtraTrees,0,0.4298616565920143,0
ExtraTrees,0,0.5646491275942415,1
ExtraTrees,1,0.45420250983979704,0
ExtraTrees,1,0.7060889937529155,1
ExtraTrees,1,0.8659657360805462,1
ExtraTrees,1,0.8447447934155113,1
ExtraTrees,1,0.5984800184644178,1
ExtraTrees,1,0.7629137496404462,1
ExtraTrees,1,0.6434057750217343,1
ExtraTrees,1,0.8021127024445058,1
ExtraTrees,1,0.15459065548683193,0
ExtraTrees,0,0.27259621458121597,0
ExtraTrees,0,0.24400168668689798,0
ExtraTrees,0,0.47246239452564126,0
ExtraTrees,0,0.4174290521981047,0
ExtraTrees,0,0.5021555551653755,1
ExtraTrees,0,0.3957616680815931,0
ExtraTrees,0,0.7295200842632523,1
ExtraTrees,0,0.1860374931581828,0
ExtraTrees,0,0.399425175950207,0
ExtraTrees,0,0.37945896115686845,0
ExtraTrees,0,0.8645926834437138,1
ExtraTrees,0,0.37043715125554594,0
ExtraTrees,0,0.5982508715037721,1
ExtraTrees,0,0.22704417664445378,0
ExtraTrees,1,0.3476791726791728,0
ExtraTrees,1,0.1528565200028498,0
ExtraTrees,0,0.18571157894584117,0
ExtraTrees,0,0.12021374542276857,0
ExtraTrees,1,0.40530507790569703,0
ExtraTrees,1,0.2287570493941978,0
ExtraTrees,1,0.40940224700181316,0
ExtraTrees,1,0.890940885701671,1
ExtraTrees,1,0.8839204111792346,1
ExtraTrees,1,0.4916885918713285,0
ExtraTrees,1,0.29552521483616534,0
ExtraTrees,1,0.4118934384602147,0
ExtraTrees,1,0.8457954486224104,1
ExtraTrees,1,0.4719540153808293,0
ExtraTrees,1,0.3039893063019999,0
ExtraTrees,1,0.2650880692631545,0
ExtraTrees,0,0.1855167713550068,0
ExtraTrees,1,0.303219534003601,0
ExtraTrees,1,0.7310330694435154,1
ExtraTrees,1,0.8191003142952428,1
ExtraTrees,1,0.15490782986205776,0
ExtraTrees,1,0.6620765896968279,1
ExtraTrees,0,0.31245812282994284,0
ExtraTrees,0,0.36222968147790935,0
ExtraTrees,1,0.32654802018803014,0
ExtraTrees,1,0.5710827989971484,1
ExtraTrees,1,0.7201857793524965,1
ExtraTrees,1,0.3792835208497361,0
ExtraTrees,1,0.4655312975830577,0
ExtraTrees,1,0.4804893170917405,0
ExtraTrees,1,0.6732394356112231,1
ExtraTrees,0,0.3530149230072564,0
ExtraTrees,0,0.3305006771986595,0
ExtraTrees,1,0.38854879531463016,0
ExtraTrees,1,0.5478904262022808,1
ExtraTrees,1,0.4151649927024514,0
ExtraTrees,0,0.36573372968570017,0
ExtraTrees,0,0.629370562646326,1
ExtraTrees,0,0.33878912491439733,0
ExtraTrees,0,0.279207439459036,0
ExtraTrees,0,0.528167415777497,1
ExtraTrees,0,0.4411550097600306,0
ExtraTrees,0,0.432056856771745,0
ExtraTrees,0,0.4786442924578326,0
ExtraTrees,0,0.4135813495694646,0
ExtraTrees,0,0.462171469589527,0
KNN,1,0.6473737646125236,1
KNN,1,1.0,1
KNN,1,0.5939539841345307,1
KNN,1,0.8905411510816517,1
KNN,1,1.0,1
KNN,0,0.0,0
KNN,1,0.9141769841230165,1
KNN,0,0.618836137116872,1
KNN,1,0.9068063167247222,1
KNN,0,0.19440044415200639,0
KNN,1,1.0,1
KNN,1,0.8028524935156345,1
KNN,1,1.0,1
KNN,0,0.17595865515892664,0
KNN,1,0.8548640529364446,1
KNN,0,0.29732461660015286,0
KNN,0,0.9026453693465997,1
KNN,0,0.9377545605952128,1
KNN,0,0.6125418050712181,1
KNN,0,0.5548661919073438,1
KNN,0,0.25877367875811236,0
KNN,0,0.0,0
KNN,1,0.7087502364485242,1
KNN,1,0.7718161180303656,1
KNN,1,0.6104581812039586,1
KNN,1,1.0,1
KNN,0,0.8699507194347711,1
KNN,1,1.0,1
KNN,1,0.711841736701012,1
KNN,1,1.0,1
KNN,1,1.0,1
KNN,1,0.5488969659966965,1
KNN,1,0.7605673916910928,1
KNN,1,0.5417587308826111,1
KNN,1,0.582463712428995,1
KNN,1,0.7862864279365439,1
KNN,0,0.36100267801888164,0
KNN,0,0.11331786221298278,0
KNN,0,0.0,0
KNN,1,0.8643010112077122,1
KNN,1,0.7522373049884316,1
KNN,0,0.14473732468759487,0
KNN,0,0.6922067646909834,1
KNN,0,0.37573519428488683,0
KNN,0,0.526256341664887,1
KNN,1,0.25,0
KNN,1,0.75,1
KNN,1,1.0,1
KNN,1,0.875,1
KNN,1,0.75,1
KNN,1,1.0,1
KNN,1,1.0,1
KNN,1,0.75,1
KNN,1,0.0,0
KNN,0,0.125,0
KNN,0,0.0,0
KNN,0,0.375,0
KNN,0,0.25,0
KNN,0,0.25,0
KNN,0,0.125,0
KNN,0,1.0,1
KNN,0,0.25,0
KNN,0,0.25,0
KNN,0,0.375,0
KNN,0,0.75,1
KNN,0,0.375,0
KNN,0,0.5,1
KNN,0,0.125,0
KNN,1,0.5,1
KNN,1,0.125,0
KNN,0,0.25,0
KNN,0,0.0,0
KNN,1,0.125,0
KNN,1,0.25,0
KNN,1,0.5,1
KNN,1,1.0,1
KNN,1,1.0,1
KNN,1,0.625,1
KNN,1,0.375,0
KNN,1,0.5,1
KNN,1,0.875,1
KNN,1,0.375,0
KNN,1,0.375,0
KNN,1,0.125,0
KNN,0,0.25,0
KNN,1,0.25,0
KNN,1,0.625,1
KNN,1,0.875,1
KNN,1,0.125,0
KNN,1,0.75,1
KNN,0,0.0,0
KNN,0,0.375,0
KNN,1,0.3,0
KNN,1,0.7,1
KNN,1,0.8,1
KNN,1,0.3,0
KNN,1,0.6,1
KNN,1,0.6,1
KNN,1,0.9,1
KNN,0,0.2,0
KNN,0,0.2,0
KNN,1,0.2,0
KNN,1,0.7,1
KNN,1,0.2,0
KNN,0,0.1,0
KNN,0,0.7,1
KNN,0,0.1,0
KNN,0,0.1,0
KNN,0,0.8,1
KNN,0,0.4,0
KNN,0,0.5,1
KNN,0,0.7,1
KNN,0,0.5,1
KNN,0,0.5,1
NaiveBayes,1,0.9924429687804605,1
NaiveBayes,1,0.9999876138208812,1
NaiveBayes,1,0.9827654143568102,1
NaiveBayes,1,0.9999936909525322,1
NaiveBayes,1,0.9999999363185597,1
NaiveBayes,0,0.9030241221205239,1
NaiveBayes,1,0.9999412539524176,1
NaiveBayes,0,0.9307345460379786,1
NaiveBayes,1,0.9999945301570685,1
NaiveBayes,0,0.9527193160850342,1
NaiveBayes,1,0.9997831786154672,1
NaiveBayes,1,0.9988957562582935,1
NaiveBayes,1,0.9999999997649827,1
NaiveBayes,0,0.9629684679639472,1
NaiveBayes,1,0.9993595263395659,1
NaiveBayes,0,0.9854289133899802,1
NaiveBayes,0,0.9999932740854518,1
NaiveBayes,0,0.999997718108186,1
NaiveBayes,0,0.9999794376841922,1
NaiveBayes,0,0.9994215311927043,1
NaiveBayes,0,0.9716429345379295,1
NaiveBayes,0,0.9801708608942772,1
NaiveBayes,1,0.9943099187593094,1
NaiveBayes,1,0.9685514151143734,1
NaiveBayes,1,0.8085816486920056,1
NaiveBayes,1,0.9422997002965331,1
NaiveBayes,0,0.9128852487739094,1
NaiveBayes,1,0.9999311373961692,1
NaiveBayes,1,0.9695546896314527,1
NaiveBayes,1,0.9933618977288039,1
NaiveBayes,1,0.9935535706613147,1
NaiveBayes,1,0.5577420183851908,1
NaiveBayes,1,0.990641865261263,1
NaiveBayes,1,0.9973312163596161,1
NaiveBayes,1,0.917156101976978,1
NaiveBayes,1,0.7663145986727592,1
NaiveBayes,0,0.8223874941812906,1
NaiveBayes,0,0.9992832014630085,1
NaiveBayes,0,0.7583261072511683,1
NaiveBayes,1,0.9788057941826993,1
NaiveBayes,1,0.9266382917312076,1
NaiveBayes,0,0.8128491996438014,1
NaiveBayes,0,0.9947906838113652,1
NaiveBayes,0,0.930803141697268,1
NaiveBayes,0,0.8564326820564997,1
NaiveBayes,1,0.979934294919461,1
NaiveBayes,1,0.9971148790004505,1
NaiveBayes,1,0.9998435901044643,1
NaiveBayes,1,0.9999999998017586,1
NaiveBayes,1,0.9999061533831259,1
NaiveBayes,1,0.9968883256796098,1
NaiveBayes,1,0.9916742117853456,1
NaiveBayes,1,0.9867807756586965,1
NaiveBayes,1,0.5091322836672235,1
NaiveBayes,0,0.0013484718395207099,0
NaiveBayes,0,0.9766688545642241,1
NaiveBayes,0,0.3434766625346244,0
NaiveBayes,0,8.475853087690803e-145,0
NaiveBayes,0,0.8290124444477939,1
NaiveBayes,0,0.7885651753911533,1
NaiveBayes,0,0.9999996003158119,1
NaiveBayes,0,5.5607276203030914e-104,0
NaiveBayes,0,0.1819890217455149,0
NaiveBayes,0,0.9309069398428967,1
NaiveBayes,0,0.0,0
NaiveBayes,0,0.7217750847389527,1
NaiveBayes,0,0.9844153698743147,1
NaiveBayes,0,0.8129438279308192,1
NaiveBayes,1,6.98083019475251e-08,0
NaiveBayes,1,0.02224294174900835,0
NaiveBayes,0,0.3482747465227237,0
NaiveBayes,0,0.04432019395549815,0
NaiveBayes,1,3.429041730013918e-40,0
NaiveBayes,1,0.22695056643846762,0
NaiveBayes,1,0.9107902167056297,1
NaiveBayes,1,0.9988841856843873,1
NaiveBayes,1,0.9999571513848566,1
NaiveBayes,1,0.9889103830244346,1
NaiveBayes,1,0.5323631316926819,1
NaiveBayes,1,0.9790250776919395,1
NaiveBayes,1,0.9979323445192994,1
NaiveBayes,1,0.9754995551140804,1
NaiveBayes,1,1.549078935950241e-05,0
NaiveBayes,1,0.9514100676926052,1
NaiveBayes,0,1.3441530918067842e-12,0
NaiveBayes,1,0.9868427043377445,1
NaiveBayes,1,0.9980455807743415,1
NaiveBayes,1,0.9972940445693258,1
NaiveBayes,1,0.8957968083008043,1
NaiveBayes,1,0.9999846226102446,1
NaiveBayes,0,1.9575848281178073e-05,0
NaiveBayes,0,0.7263626767532682,1
NaiveBayes,1,0.0029661571087796668,0
NaiveBayes,1,0.5231294862310799,1
NaiveBayes,1,0.9999960895420821,1
NaiveBayes,1,8.49804236054217e-72,0
NaiveBayes,1,0.9996919717914796,1
NaiveBayes,1,0.002122932537551045,0
NaiveBayes,1,0.9999822580742379,1
NaiveBayes,0,0.9992421960133743,1
NaiveBayes,0,0.9980967077963623,1
NaiveBayes,1,0.999659819318022,1
NaiveBayes,1,0.9999990908777143,1
NaiveBayes,1,0.00014551226283259495,0
NaiveBayes,0,0.9986864871196183,1
NaiveBayes,0,0.9228069885406609,1
NaiveBayes,0,0.9992202427183269,1
NaiveBayes,0,0.9965715839141085,1
NaiveBayes,0,0.9997829875129898,1
NaiveBayes,0,0.9978607407030508,1
NaiveBayes,0,0.9996482645801172,1
NaiveBayes,0,0.9995884380224389,1
NaiveBayes,0,1.7676633578423692e-30,0
NaiveBayes,0,0.9997942258140207,1
XGBoost,1,0.6447200179100037,1
XGBoost,1,0.8628016710281372,1
XGBoost,1,0.5596405267715454,1
XGBoost,1,0.43687713146209717,0
XGBoost,1,0.9657114148139954,1
XGBoost,0,0.2821362614631653,0
XGBoost,1,0.8982948660850525,1
XGBoost,0,0.7711916565895081,1
XGBoost,1,0.798359215259552,1
XGBoost,0,0.1958438605070114,0
XGBoost,1,0.7252413034439087,1
XGBoost,1,0.7973833084106445,1
XGBoost,1,0.9228587746620178,1
XGBoost,0,0.18358458578586578,0
XGBoost,1,0.8062715530395508,1
XGBoost,0,0.5857378840446472,1
XGBoost,0,0.8025357127189636,1
XGBoost,0,0.8963229656219482,1
XGBoost,0,0.6322233080863953,1
XGBoost,0,0.576289176940918,1
XGBoost,0,0.2758774757385254,0
XGBoost,0,0.5169718265533447,1
XGBoost,1,0.5667325258255005,1
XGBoost,1,0.6680409908294678,1
XGBoost,1,0.6343827843666077,1
XGBoost,1,0.7184999585151672,1
XGBoost,0,0.5904404520988464,1
XGBoost,1,0.7149426937103271,1
XGBoost,1,0.5985568761825562,1
XGBoost,1,0.4463295340538025,0
XGBoost,1,0.589347779750824,1
XGBoost,1,0.35810917615890503,0
XGBoost,1,0.6634213328361511,1
XGBoost,1,0.656114935874939,1
XGBoost,1,0.6115416884422302,1
XGBoost,1,0.5854460597038269,1
XGBoost,0,0.5258997678756714,1
XGBoost,0,0.4891739785671234,0
XGBoost,0,0.41834500432014465,0
XGBoost,1,0.6714694499969482,1
XGBoost,1,0.594935417175293,1
XGBoost,0,0.31797027587890625,0
XGBoost,0,0.7420305609703064,1
XGBoost,0,0.504771888256073,1
XGBoost,0,0.6589413285255432,1
XGBoost,1,0.6194123029708862,1
XGBoost,1,0.9273598790168762,1
XGBoost,1,0.9864420890808105,1
XGBoost,1,0.9614412784576416,1
XGBoost,1,0.5575195550918579,1
XGBoost,1,0.94577956199646,1
XGBoost,1,0.973796010017395,1
XGBoost,1,0.9765005111694336,1
XGBoost,1,0.039282795041799545,0
XGBoost,0,0.13430945575237274,0
XGBoost,0,0.07816463708877563,0
XGBoost,0,0.6921858191490173,1
XGBoost,0,0.3521273136138916,0
XGBoost,0,0.6768327355384827,1
XGBoost,0,0.9147256016731262,1
XGBoost,0,0.8987963199615479,1
XGBoost,0,0.18255051970481873,0
XGBoost,0,0.1925239861011505,0
XGBoost,0,0.17174166440963745,0
XGBoost,0,0.9807206988334656,1
XGBoost,0,0.43542197346687317,0
XGBoost,0,0.7679656147956848,1
XGBoost,0,0.0005665094940923154,0
XGBoost,1,0.6329222321510315,1
XGBoost,1,0.008779698051512241,0
XGBoost,0,0.03686494380235672,0
XGBoost,0,0.048735860735177994,0
XGBoost,1,0.4418390989303589,0
XGBoost,1,0.014682350680232048,0
XGBoost,1,0.09785472601652145,0
XGBoost,1,0.9970869421958923,1
XGBoost,1,0.993990957736969,1
XGBoost,1,0.2137163132429123,0
XGBoost,1,0.06284172832965851,0
XGBoost,1,0.9494487047195435,1
XGBoost,1,0.9078966975212097,1
XGBoost,1,0.15458916127681732,0
XGBoost,1,0.22432482242584229,0
XGBoost,1,0.40129145979881287,0
XGBoost,0,0.02420942485332489,0
XGBoost,1,0.11975054442882538,0
XGBoost,1,0.9830769300460815,1
XGBoost,1,0.9554891586303711,1
XGBoost,1,0.0051936558447778225,0
XGBoost,1,0.36223575472831726,0
XGBoost,0,0.8071057796478271,1
XGBoost,0,0.791538417339325,1
XGBoost,1,0.02247539535164833,0
XGBoost,1,0.9979212880134583,1
XGBoost,1,0.9868819117546082,1
XGBoost,1,0.09700757265090942,0
XGBoost,1,0.7974183559417725,1
XGBoost,1,0.9587050676345825,1
XGBoost,1,0.981968343257904,1
XGBoost,0,0.29060548543930054,0
XGBoost,0,0.15916940569877625,0
XGBoost,1,0.07105547189712524,0
XGBoost,1,0.976829469203949,1
XGBoost,1,0.10875254124403,0
XGBoost,0,0.3999628722667694,0
XGBoost,0,0.9748449325561523,1
XGBoost,0,0.017954502254724503,0
XGBoost,0,0.34708815813064575,0
XGBoost,0,0.12311568111181259,0
XGBoost,0,0.05607454851269722,0
XGBoost,0,0.39425572752952576,0
XGBoost,0,0.24720613658428192,0
XGBoost,0,0.05756806209683418,0
XGBoost,0,0.4572773873806,0
LightGBM,1,0.5980073573220368,1
LightGBM,1,0.6291035119133422,1
LightGBM,1,0.5124344972710357,1
LightGBM,1,0.5696213121520383,1
LightGBM,1,0.7312653172565788,1
LightGBM,0,0.4335214252374095,0
LightGBM,1,0.6467702307707661,1
LightGBM,0,0.6471800532835932,1
LightGBM,1,0.6596677223116798,1
LightGBM,0,0.2956443941587301,0
LightGBM,1,0.5444095491358586,1
LightGBM,1,0.6043491806668072,1
LightGBM,1,0.6966457110548255,1
LightGBM,0,0.29305085950569804,0
LightGBM,1,0.6179899016017351,1
LightGBM,0,0.5040169796877575,1
LightGBM,0,0.6707051174498506,1
LightGBM,0,0.6326482079445245,1
LightGBM,0,0.5998401509603746,1
LightGBM,0,0.549777207545776,1
LightGBM,0,0.3761497218846275,0
LightGBM,0,0.4154397788950961,0
LightGBM,1,0.5542888152905346,1
LightGBM,1,0.6607191078267687,1
LightGBM,1,0.6377856171335761,1
LightGBM,1,0.7226148839650662,1
LightGBM,0,0.6969876775612527,1
LightGBM,1,0.5542888152905346,1
LightGBM,1,0.44611728679687307,0
LightGBM,1,0.4172347036975293,0
LightGBM,1,0.4172347036975293,0
LightGBM,1,0.3415403203335576,0
LightGBM,1,0.6607191078267687,1
LightGBM,1,0.6204261166673181,1
LightGBM,1,0.679576876344256,1
LightGBM,1,0.5866009387902842,1
LightGBM,0,0.5496844332693116,1
LightGBM,0,0.5468090908838736,1
LightGBM,0,0.44377782685315786,0
LightGBM,1,0.6880408048287765,1
LightGBM,1,0.7107305470008447,1
LightGBM,0,0.3496874677671798,0
LightGBM,0,0.7059673023067046,1
LightGBM,0,0.5167514899786289,1
LightGBM,0,0.6969876775612527,1
LightGBM,1,0.2904536035861314,0
LightGBM,1,0.9958563181442882,1
LightGBM,1,0.9985901649711513,1
LightGBM,1,0.9924810971500098,1
LightGBM,1,0.17824550304046985,0
LightGBM,1,0.6713815675884016,1
LightGBM,1,0.9925943029892806,1
LightGBM,1,0.9996337272835426,1
LightGBM,1,0.0027355161432175636,0
LightGBM,0,0.03636934623055333,0
LightGBM,0,0.012994253581665043,0
LightGBM,0,0.830802035260368,1
LightGBM,0,0.4392100714094286,0
LightGBM,0,0.6257624904744516,1
LightGBM,0,0.9773119233392,1
LightGBM,0,0.9523162292982945,1
LightGBM,0,0.6375568626701066,1
LightGBM,0,0.1473969673817796,0
LightGBM,0,0.04415230695406098,0
LightGBM,0,0.9959161682525222,1
LightGBM,0,0.5497387153380078,1
LightGBM,0,0.9416276542465397,1
LightGBM,0,0.0012814117041179632,0
LightGBM,1,0.8970529665727456,1
LightGBM,1,0.03349801207697943,0
LightGBM,0,0.14164625278999268,0
LightGBM,0,0.03630174223044931,0
LightGBM,1,0.47216728068689995,0
LightGBM,1,0.00803324106519672,0
LightGBM,1,0.027237305141986495,0
LightGBM,1,0.9998739277254197,1
LightGBM,1,0.9928433942366938,1
LightGBM,1,0.08138574257178727,0
LightGBM,1,0.1034719564497175,0
LightGBM,1,0.9554469156575986,1
LightGBM,1,0.927067810436791,1
LightGBM,1,0.1708421418748429,0
LightGBM,1,0.07868865810227338,0
LightGBM,1,0.31176599317276743,0
LightGBM,0,0.013596143690827976,0
LightGBM,1,0.02190728972839996,0
LightGBM,1,0.9857224009517048,1
LightGBM,1,0.9656702488559068,1
LightGBM,1,0.021479655401582025,0
LightGBM,1,0.21084686380967052,0
LightGBM,0,0.6434816300778758,1
LightGBM,0,0.9196234797356401,1
LightGBM,1,0.03030654221408183,0
LightGBM,1,0.9982063509544633,1
LightGBM,1,0.9836036595860779,1
LightGBM,1,0.13422227154674676,0
LightGBM,1,0.837011633536522,1
LightGBM,1,0.6825132498832469,1
LightGBM,1,0.9966165373574156,1
LightGBM,0,0.4013269681735042,0
LightGBM,0,0.17538790411669253,0
LightGBM,1,0.038615364382048385,0
LightGBM,1,0.627896717023835,1
LightGBM,1,0.17181833813204148,0
LightGBM,0,0.08826976826464727,0
LightGBM,0,0.996834644836356,1
LightGBM,0,0.09690362465003678,0
LightGBM,0,0.3661036296977237,0
LightGBM,0,0.23144975309228377,0
LightGBM,0,0.005444081152057618,0
LightGBM,0,0.5239667626048411,1
LightGBM,0,0.1673497702043496,0
LightGBM,0,0.04167078099523572,0
LightGBM,0,0.16911358015102435,0
