Model,Threshold,Net_Benefit
LogisticRegression,0.01,0.5569732411837675
LogisticRegression,0.02,0.5526315789473684
LogisticRegression,0.03,0.5393380358111775
LogisticRegression,0.04,0.5347222222222223
LogisticRegression,0.05,0.5304709141274239
LogisticRegression,0.060000000000000005,0.5257558790593505
LogisticRegression,0.06999999999999999,0.5121675155631014
LogisticRegression,0.08,0.5087719298245614
LogisticRegression,0.09,0.504819741661847
LogisticRegression,0.09999999999999999,0.5
LogisticRegression,0.11,0.49507194953676326
LogisticRegression,0.12,0.47248803827751196
LogisticRegression,0.13,0.46864287154668277
LogisticRegression,0.14,0.46348429212566294
LogisticRegression,0.15000000000000002,0.45975232198142413
LogisticRegression,0.16,0.45614035087719296
LogisticRegression,0.17,0.45085605580215593
LogisticRegression,0.18000000000000002,0.4492939666238767
LogisticRegression,0.19,0.44606887589343724
LogisticRegression,0.2,0.44298245614035087
LogisticRegression,0.21000000000000002,0.428936264712414
LogisticRegression,0.22,0.4172289698605488
LogisticRegression,0.23,0.411825017088175
LogisticRegression,0.24000000000000002,0.40627885503231764
LogisticRegression,0.25,0.4035087719298246
LogisticRegression,0.26,0.3890469416785206
LogisticRegression,0.27,0.3744292237442922
LogisticRegression,0.28,0.36306042884990253
LogisticRegression,0.29000000000000004,0.3518655794415616
LogisticRegression,0.3,0.3533834586466165
LogisticRegression,0.31,0.35151284007119243
LogisticRegression,0.32,0.3369453044375645
LogisticRegression,0.33,0.3309766954700183
LogisticRegression,0.34,0.3293460925039872
LogisticRegression,0.35000000000000003,0.33265856950067474
LogisticRegression,0.36000000000000004,0.3179824561403508
LogisticRegression,0.37,0.32219437482595376
LogisticRegression,0.38,0.31295981890209396
LogisticRegression,0.39,0.3127696289905091
LogisticRegression,0.4,0.3157894736842105
LogisticRegression,0.41000000000000003,0.307909604519774
LogisticRegression,0.42000000000000004,0.3027828191167574
LogisticRegression,0.43,0.2777777777777778
LogisticRegression,0.44,0.2725563909774436
LogisticRegression,0.45,0.26555023923444976
LogisticRegression,0.46,0.2677063027940221
LogisticRegression,0.47000000000000003,0.26828864614366105
LogisticRegression,0.48000000000000004,0.2800269905533064
LogisticRegression,0.49,0.27605779153766774
LogisticRegression,0.5,0.27192982456140347
LogisticRegression,0.51,0.25921947726459005
LogisticRegression,0.52,0.25511695906432746
LogisticRegression,0.53,0.2607316162747294
LogisticRegression,0.54,0.2566742944317315
LogisticRegression,0.55,0.24366471734892783
LogisticRegression,0.56,0.22169059011164272
LogisticRegression,0.5700000000000001,0.21705426356589141
LogisticRegression,0.5800000000000001,0.20342522974101918
LogisticRegression,0.59,0.19341035515618318
LogisticRegression,0.6,0.2017543859649123
LogisticRegression,0.61,0.18848403058929375
LogisticRegression,0.62,0.1574330563250231
LogisticRegression,0.63,0.1673779042200095
LogisticRegression,0.64,0.1539961013645224
LogisticRegression,0.65,0.14035087719298245
LogisticRegression,0.66,0.1346749226006192
LogisticRegression,0.67,0.1299840510366826
LogisticRegression,0.68,0.12499999999999997
LogisticRegression,0.6900000000000001,0.11969439728353137
LogisticRegression,0.7000000000000001,0.11403508771929821
LogisticRegression,0.7100000000000001,0.10798548094373858
LogisticRegression,0.72,0.08395989974937343
LogisticRegression,0.73,0.06822612085769983
LogisticRegression,0.74,0.04318488529014847
LogisticRegression,0.75,0.03508771929824561
LogisticRegression,0.76,0.008771929824561375
LogisticRegression,0.77,-0.009534706331045001
LogisticRegression,0.78,-0.028708133971291877
LogisticRegression,0.79,-0.04887218045112787
LogisticRegression,0.8,-0.04385964912280704
LogisticRegression,0.81,-0.05540166204986155
LogisticRegression,0.8200000000000001,-0.03703703703703709
LogisticRegression,0.8300000000000001,-0.05727554179566571
LogisticRegression,0.8400000000000001,-0.024122807017543962
LogisticRegression,0.85,-0.04385964912280699
LogisticRegression,0.86,-0.01127819548872179
LogisticRegression,0.87,-0.020917678812415644
LogisticRegression,0.88,-0.049707602339181284
LogisticRegression,0.89,-0.0007974481658692273
LogisticRegression,0.9,-0.01754385964912282
LogisticRegression,0.91,0.05263157894736842
LogisticRegression,0.92,0.043859649122807015
LogisticRegression,0.93,0.043859649122807015
LogisticRegression,0.9400000000000001,0.043859649122807015
LogisticRegression,0.9500000000000001,0.03508771929824561
LogisticRegression,0.9600000000000001,0.03508771929824561
LogisticRegression,0.97,0.008771929824561403
LogisticRegression,0.98,0.0
LogisticRegression,0.99,0.0
SVM_RBF,0.01,0.5569732411837675
SVM_RBF,0.02,0.5524525599713569
SVM_RBF,0.03,0.5481099656357388
SVM_RBF,0.04,0.5438596491228069
SVM_RBF,0.05,0.5392428439519852
SVM_RBF,0.060000000000000005,0.5350877192982456
SVM_RBF,0.06999999999999999,0.5128277683455952
SVM_RBF,0.08,0.5087719298245614
SVM_RBF,0.09,0.4960478118372855
SVM_RBF,0.09999999999999999,0.48245614035087714
SVM_RBF,0.11,0.4775280898876404
SVM_RBF,0.12,0.47248803827751196
SVM_RBF,0.13,0.46864287154668277
SVM_RBF,0.14,0.46348429212566294
SVM_RBF,0.15000000000000002,0.4494324045407637
SVM_RBF,0.16,0.43525480367585634
SVM_RBF,0.17,0.4333121961530332
SVM_RBF,0.18000000000000002,0.4298245614035088
SVM_RBF,0.19,0.4156378600823045
SVM_RBF,0.2,0.4100877192982456
SVM_RBF,0.21000000000000002,0.4067288474350433
SVM_RBF,0.22,0.40103463787674315
SVM_RBF,0.23,0.3828890407837776
SVM_RBF,0.24000000000000002,0.3827331486611265
SVM_RBF,0.25,0.37719298245614036
SVM_RBF,0.26,0.3745851114272167
SVM_RBF,0.27,0.36012977649603456
SVM_RBF,0.28,0.3576998050682261
SVM_RBF,0.29000000000000004,0.35903138127007656
SVM_RBF,0.3,0.3533834586466165
SVM_RBF,0.31,0.34757182812102716
SVM_RBF,0.32,0.33281733746130027
SVM_RBF,0.33,0.3266561927206075
SVM_RBF,0.34,0.3203083466241361
SVM_RBF,0.35000000000000003,0.33265856950067474
SVM_RBF,0.36000000000000004,0.3366228070175439
SVM_RBF,0.37,0.3185742133110554
SVM_RBF,0.38,0.31295981890209396
SVM_RBF,0.39,0.2983894161633592
SVM_RBF,0.4,0.29239766081871343
SVM_RBF,0.41000000000000003,0.2862027951234017
SVM_RBF,0.42000000000000004,0.3027828191167574
SVM_RBF,0.43,0.2777777777777778
SVM_RBF,0.44,0.2794486215538847
SVM_RBF,0.45,0.28149920255183414
SVM_RBF,0.46,0.2764782326185835
SVM_RBF,0.47000000000000003,0.2692816948030453
SVM_RBF,0.48000000000000004,0.26450742240215924
SVM_RBF,0.49,0.26762985896112834
SVM_RBF,0.5,0.26315789473684215
SVM_RBF,0.51,0.26763336913712854
SVM_RBF,0.52,0.27266081871345027
SVM_RBF,0.53,0.25961179544606194
SVM_RBF,0.54,0.25514874141876426
SVM_RBF,0.55,0.2504873294346978
SVM_RBF,0.56,0.24800637958532695
SVM_RBF,0.5700000000000001,0.24337005303957565
SVM_RBF,0.5800000000000001,0.2385129490392648
SVM_RBF,0.59,0.2460419341035516
SVM_RBF,0.6,0.24122807017543862
SVM_RBF,0.61,0.2273954116059379
SVM_RBF,0.62,0.22206832871652815
SVM_RBF,0.63,0.20768136557610245
SVM_RBF,0.64,0.19298245614035087
SVM_RBF,0.65,0.20300751879699244
SVM_RBF,0.66,0.21413828689370484
SVM_RBF,0.67,0.19112174375332266
SVM_RBF,0.68,0.18530701754385961
SVM_RBF,0.6900000000000001,0.17232597623089982
SVM_RBF,0.7000000000000001,0.16666666666666666
SVM_RBF,0.7100000000000001,0.16061705989110703
SVM_RBF,0.72,0.13659147869674187
SVM_RBF,0.73,0.12085769980506825
SVM_RBF,0.74,0.10458839406207832
SVM_RBF,0.75,0.06140350877192982
SVM_RBF,0.76,0.035087719298245584
SVM_RBF,0.77,0.02555301296720061
SVM_RBF,0.78,0.015151515151515138
SVM_RBF,0.79,-0.01378446115288226
SVM_RBF,0.8,0.008771929824561375
SVM_RBF,0.81,-0.0027700831024931316
SVM_RBF,0.8200000000000001,-0.015594541910331439
SVM_RBF,0.8300000000000001,0.004127966976264108
SVM_RBF,0.8400000000000001,-0.008771929824561514
SVM_RBF,0.85,-0.03216374269005845
SVM_RBF,0.86,-0.0037593984962406013
SVM_RBF,0.87,-0.026990553306342757
SVM_RBF,0.88,0.011695906432748537
SVM_RBF,0.89,-0.01913875598086126
SVM_RBF,0.9,-0.04385964912280704
SVM_RBF,0.91,-0.0808966861598441
SVM_RBF,0.92,-0.11403508771929835
SVM_RBF,0.93,-0.0639097744360903
SVM_RBF,0.9400000000000001,-0.09356725146198844
SVM_RBF,0.9500000000000001,-0.1491228070175441
SVM_RBF,0.9600000000000001,0.017543859649122806
SVM_RBF,0.97,0.017543859649122806
SVM_RBF,0.98,0.0
SVM_RBF,0.99,0.0
SVM_Linear,0.01,0.5569732411837675
SVM_Linear,0.02,0.5524525599713569
SVM_Linear,0.03,0.5390667390124797
SVM_Linear,0.04,0.5343567251461989
SVM_Linear,0.05,0.5295475530932595
SVM_Linear,0.060000000000000005,0.5169839492347891
SVM_Linear,0.06999999999999999,0.5121675155631014
SVM_Linear,0.08,0.5080091533180778
SVM_Linear,0.09,0.4943127048390206
SVM_Linear,0.09999999999999999,0.4892787524366472
SVM_Linear,0.11,0.4753597476838163
SVM_Linear,0.12,0.4712918660287081
SVM_Linear,0.13,0.4660213752772736
SVM_Linear,0.14,0.46205630354957156
SVM_Linear,0.15000000000000002,0.45820433436532504
SVM_Linear,0.16,0.45614035087719296
SVM_Linear,0.17,0.45085605580215593
SVM_Linear,0.18000000000000002,0.4454428754813864
SVM_Linear,0.19,0.43989603638726443
SVM_Linear,0.2,0.43421052631578944
SVM_Linear,0.21000000000000002,0.42838107928047964
SVM_Linear,0.22,0.4224021592442645
SVM_Linear,0.23,0.40134426976532245
SVM_Linear,0.24000000000000002,0.4007386888273315
SVM_Linear,0.25,0.3830409356725146
SVM_Linear,0.26,0.3802750118539592
SVM_Linear,0.27,0.36565729391973084
SVM_Linear,0.28,0.35964912280701755
SVM_Linear,0.29000000000000004,0.35705460835186553
SVM_Linear,0.3,0.3508771929824561
SVM_Linear,0.31,0.34452072209509277
SVM_Linear,0.32,0.3379772961816305
SVM_Linear,0.33,0.3312385441214978
SVM_Linear,0.34,0.33333333333333326
SVM_Linear,0.35000000000000003,0.3313090418353576
SVM_Linear,0.36000000000000004,0.3207236842105262
SVM_Linear,0.37,0.2964355332776385
SVM_Linear,0.38,0.27730616864742497
SVM_Linear,0.39,0.2871728501581823
SVM_Linear,0.4,0.2807017543859649
SVM_Linear,0.41000000000000003,0.2740112994350282
SVM_Linear,0.42000000000000004,0.249546279491833
SVM_Linear,0.43,0.2468451831332718
SVM_Linear,0.44,0.2293233082706767
SVM_Linear,0.45,0.22248803827751198
SVM_Linear,0.46,0.21410006497725795
SVM_Linear,0.47000000000000003,0.2138364779874214
SVM_Linear,0.48000000000000004,0.21524966261808368
SVM_Linear,0.49,0.2254901960784314
SVM_Linear,0.5,0.2280701754385965
SVM_Linear,0.51,0.21321160042964551
SVM_Linear,0.52,0.2163742690058479
SVM_Linear,0.53,0.20138111235535647
SVM_Linear,0.54,0.22578184591914569
SVM_Linear,0.55,0.2202729044834308
SVM_Linear,0.56,0.20813397129186603
SVM_Linear,0.5700000000000001,0.21419828641370867
SVM_Linear,0.5800000000000001,0.20342522974101918
SVM_Linear,0.59,0.210954214805306
SVM_Linear,0.6,0.19736842105263158
SVM_Linear,0.61,0.18353576248313092
SVM_Linear,0.62,0.16066481994459836
SVM_Linear,0.63,0.15504978662873403
SVM_Linear,0.64,0.13840155945419103
SVM_Linear,0.65,0.13283208020050122
SVM_Linear,0.66,0.11816305469556243
SVM_Linear,0.67,0.11190855927698032
SVM_Linear,0.68,0.087719298245614
SVM_Linear,0.6900000000000001,0.08064516129032254
SVM_Linear,0.7000000000000001,0.09356725146198827
SVM_Linear,0.7100000000000001,0.08650937689050203
SVM_Linear,0.72,0.07017543859649125
SVM_Linear,0.73,0.06205328135152699
SVM_Linear,0.74,0.07827260458839408
SVM_Linear,0.75,0.06140350877192982
SVM_Linear,0.76,0.05263157894736839
SVM_Linear,0.77,0.02555301296720061
SVM_Linear,0.78,0.046251993620414655
SVM_Linear,0.79,0.019214703425229712
SVM_Linear,0.8,-0.00877192982456143
SVM_Linear,0.81,-0.02908587257617734
SVM_Linear,0.8200000000000001,-0.059454191033138454
SVM_Linear,0.8300000000000001,-0.08255933952528388
SVM_Linear,0.8400000000000001,-0.10745614035087733
SVM_Linear,0.85,-0.13450292397660815
SVM_Linear,0.86,-0.15538847117794483
SVM_Linear,0.87,-0.07962213225371118
SVM_Linear,0.88,-0.10526315789473686
SVM_Linear,0.89,-0.05422647527910687
SVM_Linear,0.9,-0.07017543859649125
SVM_Linear,0.91,-0.0009746588693957392
SVM_Linear,0.92,0.07017543859649122
SVM_Linear,0.93,0.06140350877192982
SVM_Linear,0.9400000000000001,0.043859649122807015
SVM_Linear,0.9500000000000001,0.03508771929824561
SVM_Linear,0.9600000000000001,0.02631578947368421
SVM_Linear,0.97,0.008771929824561403
SVM_Linear,0.98,0.008771929824561403
SVM_Linear,0.99,0.008771929824561403
RandomForest,0.01,0.5569732411837675
RandomForest,0.02,0.5524525599713569
RandomForest,0.03,0.547838668837041
RandomForest,0.04,0.5431286549707602
RandomForest,0.05,0.5383194829178208
RandomForest,0.060000000000000005,0.5334079880552445
RandomForest,0.06999999999999999,0.5283908696472364
RandomForest,0.08,0.5232646834477498
RandomForest,0.09,0.5180258338153074
RandomForest,0.09999999999999999,0.5048732943469786
RandomForest,0.11,0.4995071949536764
RandomForest,0.12,0.4940191387559809
RandomForest,0.13,0.4708610606977213
RandomForest,0.14,0.4665442676458588
RandomForest,0.15000000000000002,0.46233230134158926
RandomForest,0.16,0.4565580618212197
RandomForest,0.17,0.45064468399915447
RandomForest,0.18000000000000002,0.44458707744972187
RandomForest,0.19,0.43837990036820446
RandomForest,0.2,0.43201754385964913
RandomForest,0.21000000000000002,0.42549411503442147
RandomForest,0.22,0.4100314889788574
RandomForest,0.23,0.39439507860560497
RandomForest,0.24000000000000002,0.3901200369344414
RandomForest,0.25,0.38596491228070184
RandomForest,0.26,0.38501659554291134
RandomForest,0.27,0.38127853881278545
RandomForest,0.28,0.3776803118908382
RandomForest,0.29000000000000004,0.3690387941685199
RandomForest,0.3,0.36215538847117795
RandomForest,0.31,0.3629544876684465
RandomForest,0.32,0.36429308565531476
RandomForest,0.33,0.36187483634459283
RandomForest,0.34,0.3686868686868687
RandomForest,0.35000000000000003,0.36234817813765186
RandomForest,0.36000000000000004,0.3519736842105263
RandomForest,0.37,0.35059871901977163
RandomForest,0.38,0.34946236559139787
RandomForest,0.39,0.3485763589301122
RandomForest,0.4,0.33333333333333326
RandomForest,0.41000000000000003,0.33273862622658334
RandomForest,0.42000000000000004,0.32607380520266177
RandomForest,0.43,0.3257925515543244
RandomForest,0.44,0.3258145363408521
RandomForest,0.45,0.30701754385964913
RandomForest,0.46,0.3005198180636777
RandomForest,0.47000000000000003,0.2586891757696127
RandomForest,0.48000000000000004,0.2516869095816464
RandomForest,0.49,0.2521499828001376
RandomForest,0.5,0.2543859649122807
RandomForest,0.51,0.24794128177586824
RandomForest,0.52,0.24195906432748535
RandomForest,0.53,0.24524076147816345
RandomForest,0.54,0.2402745995423341
RandomForest,0.55,0.20760233918128648
RandomForest,0.56,0.2033492822966507
RandomForest,0.5700000000000001,0.22297021623827004
RandomForest,0.5800000000000001,0.21762740183792811
RandomForest,0.59,0.19448010269576382
RandomForest,0.6,0.18859649122807018
RandomForest,0.61,0.17858749437696805
RandomForest,0.62,0.16943674976915973
RandomForest,0.63,0.13750592697961123
RandomForest,0.64,0.1364522417153996
RandomForest,0.65,0.12155388471177943
RandomForest,0.66,0.11713106295149638
RandomForest,0.67,0.11270600744284952
RandomForest,0.68,0.09978070175438594
RandomForest,0.6900000000000001,0.1148839841539332
RandomForest,0.7000000000000001,0.10233918128654969
RandomForest,0.7100000000000001,0.08076225045372046
RandomForest,0.72,0.09899749373433583
RandomForest,0.73,0.08674463937621833
RandomForest,0.74,0.07422402159244265
RandomForest,0.75,0.06140350877192982
RandomForest,0.76,0.057017543859649106
RandomForest,0.77,0.03470633104500381
RandomForest,0.78,0.029505582137161077
RandomForest,0.79,0.015037593984962377
RandomForest,0.8,-2.7755575615628914e-17
RandomForest,0.81,-0.006925207756232718
RandomForest,0.8200000000000001,-0.023391812865497116
RandomForest,0.8300000000000001,-0.03199174406604752
RandomForest,0.8400000000000001,-0.04166666666666677
RandomForest,0.85,-0.02923976608187133
RandomForest,0.86,-0.0463659147869674
RandomForest,0.87,0.0026990553306342827
RandomForest,0.88,-0.011695906432748537
RandomForest,0.89,-0.018341307814992033
RandomForest,0.9,-0.04385964912280703
RandomForest,0.91,-0.05360623781676416
RandomForest,0.92,-0.08333333333333338
RandomForest,0.93,-0.10776942355889732
RandomForest,0.9400000000000001,0.008771929824561403
RandomForest,0.9500000000000001,0.008771929824561403
RandomForest,0.9600000000000001,0.008771929824561403
RandomForest,0.97,0.008771929824561403
RandomForest,0.98,0.0
RandomForest,0.99,0.0
GradientBoosting,0.01,0.5569732411837675
GradientBoosting,0.02,0.5524525599713569
GradientBoosting,0.03,0.547838668837041
GradientBoosting,0.04,0.5431286549707602
GradientBoosting,0.05,0.5383194829178208
GradientBoosting,0.060000000000000005,0.5334079880552445
GradientBoosting,0.06999999999999999,0.5283908696472364
GradientBoosting,0.08,0.5232646834477498
GradientBoosting,0.09,0.5180258338153074
GradientBoosting,0.09999999999999999,0.5126705653021442
GradientBoosting,0.11,0.5071949536763256
GradientBoosting,0.12,0.5039872408293461
GradientBoosting,0.13,0.48971566848154874
GradientBoosting,0.14,0.47817217462260303
GradientBoosting,0.15000000000000002,0.4726522187822497
GradientBoosting,0.16,0.45112781954887216
GradientBoosting,0.17,0.44546607482561823
GradientBoosting,0.18000000000000002,0.441591784338896
GradientBoosting,0.19,0.4357808100498159
GradientBoosting,0.2,0.412280701754386
GradientBoosting,0.21000000000000002,0.40617366200310906
GradientBoosting,0.22,0.3999100314889789
GradientBoosting,0.23,0.38471177944862156
GradientBoosting,0.24000000000000002,0.3781163434903047
GradientBoosting,0.25,0.36257309941520466
GradientBoosting,0.26,0.35561877667140823
GradientBoosting,0.27,0.3429464071136746
GradientBoosting,0.28,0.3391812865497076
GradientBoosting,0.29000000000000004,0.33197430195206323
GradientBoosting,0.3,0.3283208020050125
GradientBoosting,0.31,0.3208746503941012
GradientBoosting,0.32,0.3173374613003096
GradientBoosting,0.33,0.29209217072532073
GradientBoosting,0.34,0.2841573631047315
GradientBoosting,0.35000000000000003,0.27192982456140347
GradientBoosting,0.36000000000000004,0.26973684210526316
GradientBoosting,0.37,0.2619047619047619
GradientBoosting,0.38,0.2538200339558574
GradientBoosting,0.39,0.2454702329594478
GradientBoosting,0.4,0.22807017543859645
GradientBoosting,0.41000000000000003,0.21914956883734757
GradientBoosting,0.42000000000000004,0.20992135511191767
GradientBoosting,0.43,0.20036934441366577
GradientBoosting,0.44,0.19736842105263155
GradientBoosting,0.45,0.18580542264752795
GradientBoosting,0.46,0.16699155295646523
GradientBoosting,0.47000000000000003,0.1477987421383648
GradientBoosting,0.48000000000000004,0.13697705802968962
GradientBoosting,0.49,0.14224286205710351
GradientBoosting,0.5,0.0964912280701754
GradientBoosting,0.51,0.08610812746151086
GradientBoosting,0.52,0.07529239766081863
GradientBoosting,0.53,0.06401642403882035
GradientBoosting,0.54,0.07284515636918382
GradientBoosting,0.55,0.07407407407407401
GradientBoosting,0.56,0.1299840510366826
GradientBoosting,0.5700000000000001,0.12403100775193793
GradientBoosting,0.5800000000000001,0.1340852130325814
GradientBoosting,0.59,0.11767222935387253
GradientBoosting,0.6,0.10964912280701761
GradientBoosting,0.61,0.11830859199280251
GradientBoosting,0.62,0.1214219759926131
GradientBoosting,0.63,0.13323850165955428
GradientBoosting,0.64,0.12183235867446393
GradientBoosting,0.65,0.10902255639097744
GradientBoosting,0.66,0.0980392156862745
GradientBoosting,0.67,0.0956937799043062
GradientBoosting,0.68,0.0932017543859649
GradientBoosting,0.6900000000000001,0.0817770232031692
GradientBoosting,0.7000000000000001,0.07017543859649121
GradientBoosting,0.7100000000000001,0.05837870538414999
GradientBoosting,0.72,0.046365914786967416
GradientBoosting,0.73,0.034113060428849915
GradientBoosting,0.74,0.030364372469635637
GradientBoosting,0.75,0.02631578947368421
GradientBoosting,0.76,0.021929824561403494
GradientBoosting,0.77,0.008390541571319604
GradientBoosting,0.78,-0.014354066985645939
GradientBoosting,0.79,-0.020050125313283235
GradientBoosting,0.8,-0.026315789473684237
GradientBoosting,0.81,-0.03324099722991693
GradientBoosting,0.8200000000000001,0.038986354775828444
GradientBoosting,0.8300000000000001,0.03611971104231164
GradientBoosting,0.8400000000000001,0.032894736842105234
GradientBoosting,0.85,0.07894736842105263
GradientBoosting,0.86,0.06140350877192982
GradientBoosting,0.87,0.043859649122807015
GradientBoosting,0.88,0.03508771929824561
GradientBoosting,0.89,0.017543859649122806
GradientBoosting,0.9,0.017543859649122806
GradientBoosting,0.91,0.017543859649122806
GradientBoosting,0.92,0.008771929824561403
GradientBoosting,0.93,0.008771929824561403
GradientBoosting,0.9400000000000001,0.0
GradientBoosting,0.9500000000000001,0.0
GradientBoosting,0.9600000000000001,0.0
GradientBoosting,0.97,0.0
GradientBoosting,0.98,0.0
GradientBoosting,0.99,0.0
ExtraTrees,0.01,0.5569732411837675
ExtraTrees,0.02,0.5524525599713569
ExtraTrees,0.03,0.547838668837041
ExtraTrees,0.04,0.5431286549707602
ExtraTrees,0.05,0.5383194829178208
ExtraTrees,0.060000000000000005,0.5334079880552445
ExtraTrees,0.06999999999999999,0.5283908696472364
ExtraTrees,0.08,0.5232646834477498
ExtraTrees,0.09,0.5180258338153074
ExtraTrees,0.09999999999999999,0.5126705653021442
ExtraTrees,0.11,0.5071949536763256
ExtraTrees,0.12,0.5015948963317384
ExtraTrees,0.13,0.4958661020367009
ExtraTrees,0.14,0.49000407996736023
ExtraTrees,0.15000000000000002,0.4752321981424149
ExtraTrees,0.16,0.4690893901420218
ExtraTrees,0.17,0.46279856267173963
ExtraTrees,0.18000000000000002,0.45635430038510916
ExtraTrees,0.19,0.4518085336798788
ExtraTrees,0.2,0.4451754385964913
ExtraTrees,0.21000000000000002,0.4383744170552965
ExtraTrees,0.22,0.43139901034637884
ExtraTrees,0.23,0.418090681248576
ExtraTrees,0.24000000000000002,0.41366574330563255
ExtraTrees,0.25,0.4064327485380117
ExtraTrees,0.26,0.40208629682313896
ExtraTrees,0.27,0.38908916125931264
ExtraTrees,0.28,0.384990253411306
ExtraTrees,0.29000000000000004,0.36866814924635527
ExtraTrees,0.3,0.3646616541353383
ExtraTrees,0.31,0.3599033816425121
ExtraTrees,0.32,0.35242518059855527
ExtraTrees,0.33,0.3359518198481278
ExtraTrees,0.34,0.3237639553429027
ExtraTrees,0.35000000000000003,0.3157894736842105
ExtraTrees,0.36000000000000004,0.3125
ExtraTrees,0.37,0.30061264271790583
ExtraTrees,0.38,0.288907753254103
ExtraTrees,0.39,0.28616623526028184
ExtraTrees,0.4,0.29532163742690054
ExtraTrees,0.41000000000000003,0.27862027951234014
ExtraTrees,0.42000000000000004,0.2416817906836055
ExtraTrees,0.43,0.24007386888273316
ExtraTrees,0.44,0.2299498746867168
ExtraTrees,0.45,0.24162679425837322
ExtraTrees,0.46,0.22417153996101363
ExtraTrees,0.47000000000000003,0.2313803376365442
ExtraTrees,0.48000000000000004,0.20647773279352225
ExtraTrees,0.49,0.2672858617131063
ExtraTrees,0.5,0.26315789473684215
ExtraTrees,0.51,0.25116362334407444
ExtraTrees,0.52,0.23976608187134502
ExtraTrees,0.53,0.23777528928704741
ExtraTrees,0.54,0.19107551487414187
ExtraTrees,0.55,0.1617933723196881
ExtraTrees,0.56,0.13237639553429026
ExtraTrees,0.5700000000000001,0.11158710730314154
ExtraTrees,0.5800000000000001,0.11152882205513781
ExtraTrees,0.59,0.09092854086435602
ExtraTrees,0.6,0.09210526315789475
ExtraTrees,0.61,0.09424201529464687
ExtraTrees,0.62,0.09187442289935364
ExtraTrees,0.63,0.08677098150782361
ExtraTrees,0.64,0.10038986354775828
ExtraTrees,0.65,0.09022556390977443
ExtraTrees,0.66,0.08875128998968007
ExtraTrees,0.67,0.07841573631047313
ExtraTrees,0.68,0.06798245614035087
ExtraTrees,0.6900000000000001,0.066213921901528
ExtraTrees,0.7000000000000001,0.04678362573099414
ExtraTrees,0.7100000000000001,0.048699334543254674
ExtraTrees,0.72,0.047619047619047616
ExtraTrees,0.73,0.037686809616634176
ExtraTrees,0.74,0.03643724696356275
ExtraTrees,0.75,0.02631578947368421
ExtraTrees,0.76,0.016081871345029235
ExtraTrees,0.77,0.014492753623188404
ExtraTrees,0.78,-0.004784688995215315
ExtraTrees,0.79,-0.015455304928989146
ExtraTrees,0.8,-0.017543859649122813
ExtraTrees,0.81,-0.019852262234533714
ExtraTrees,0.8200000000000001,-0.022417153996101377
ExtraTrees,0.8300000000000001,-0.034055727554179585
ExtraTrees,0.8400000000000001,-0.03728070175438599
ExtraTrees,0.85,0.0
ExtraTrees,0.86,0.0
ExtraTrees,0.87,0.0
ExtraTrees,0.88,0.0
ExtraTrees,0.89,0.0
ExtraTrees,0.9,0.0
ExtraTrees,0.91,0.0
ExtraTrees,0.92,0.0
ExtraTrees,0.93,0.0
ExtraTrees,0.9400000000000001,0.0
ExtraTrees,0.9500000000000001,0.0
ExtraTrees,0.9600000000000001,0.0
ExtraTrees,0.97,0.0
ExtraTrees,0.98,0.0
ExtraTrees,0.99,0.0
KNN,0.01,0.557150451887294
KNN,0.02,0.5528105979233798
KNN,0.03,0.5483812624344365
KNN,0.04,0.5438596491228069
KNN,0.05,0.5392428439519852
KNN,0.060000000000000005,0.5345278088839118
KNN,0.06999999999999999,0.5215996981701566
KNN,0.08,0.5175438596491229
KNN,0.09,0.5127241179872759
KNN,0.09999999999999999,0.5077972709551657
KNN,0.11,0.5027597082594126
KNN,0.12,0.48883572567783096
KNN,0.13,0.47479330510183504
KNN,0.14,0.4694002447980416
KNN,0.15000000000000002,0.45510835913312686
KNN,0.16,0.4494569757727652
KNN,0.17,0.44546607482561823
KNN,0.18000000000000002,0.441591784338896
KNN,0.19,0.4357808100498159
KNN,0.2,0.4298245614035088
KNN,0.21000000000000002,0.43304463690872746
KNN,0.22,0.4298245614035088
KNN,0.23,0.42674868990658466
KNN,0.24000000000000002,0.42105263157894735
KNN,0.25,0.4152046783625731
KNN,0.26,0.4004267425320057
KNN,0.27,0.3887286709925499
KNN,0.28,0.38255360623781676
KNN,0.29000000000000004,0.3762045959970348
KNN,0.3,0.3684210526315789
KNN,0.31,0.3436308161708619
KNN,0.32,0.3374613003095975
KNN,0.33,0.331107619795758
KNN,0.34,0.333599149388623
KNN,0.35000000000000003,0.32726045883940613
KNN,0.36000000000000004,0.33059210526315785
KNN,0.37,0.3242829295460874
KNN,0.38,0.3177702320316921
KNN,0.39,0.31104400345125105
KNN,0.4,0.29532163742690054
KNN,0.41000000000000003,0.291555159084151
KNN,0.42000000000000004,0.2822141560798548
KNN,0.43,0.2819329024315174
KNN,0.44,0.275062656641604
KNN,0.45,0.2503987240829346
KNN,0.46,0.24301494476933075
KNN,0.47000000000000003,0.2586891757696127
KNN,0.48000000000000004,0.2516869095816464
KNN,0.49,0.24441004471964228
KNN,0.5,0.2456140350877193
KNN,0.51,0.23952738990332975
KNN,0.52,0.22441520467836254
KNN,0.53,0.21780515117581184
KNN,0.54,0.23150266971777267
KNN,0.55,0.2163742690058479
KNN,0.56,0.2208931419457735
KNN,0.5700000000000001,0.2144022847817217
KNN,0.5800000000000001,0.18128654970760227
KNN,0.59,0.1867779204107831
KNN,0.6,0.1710526315789474
KNN,0.61,0.16869095816464236
KNN,0.62,0.16158818097876268
KNN,0.63,0.1690374585111427
KNN,0.64,0.1617933723196881
KNN,0.65,0.14411027568922305
KNN,0.66,0.1367389060887513
KNN,0.67,0.14673046251993618
KNN,0.68,0.13925438596491227
KNN,0.6900000000000001,0.13129598189020936
KNN,0.7000000000000001,0.13450292397660815
KNN,0.7100000000000001,0.1264367816091953
KNN,0.72,0.14536340852130325
KNN,0.73,0.12085769980506825
KNN,0.74,0.10458839406207832
KNN,0.75,0.09649122807017546
KNN,0.76,0.0789473684210526
KNN,0.77,0.06941266209000763
KNN,0.78,0.05901116427432215
KNN,0.79,0.021303258145363352
KNN,0.8,0.04385964912280699
KNN,0.81,0.11819021237303783
KNN,0.8200000000000001,0.1042884990253411
KNN,0.8300000000000001,0.09855521155830749
KNN,0.8400000000000001,0.09210526315789468
KNN,0.85,0.0760233918128655
KNN,0.86,0.04135338345864663
KNN,0.87,0.005398110661268565
KNN,0.88,-0.005847953216374269
KNN,0.89,-0.01913875598086126
KNN,0.9,-0.04385964912280704
KNN,0.91,-0.0009746588693957392
KNN,0.92,-0.021929824561403563
KNN,0.93,-0.037593984962406096
KNN,0.9400000000000001,0.06140350877192982
KNN,0.9500000000000001,0.06140350877192982
KNN,0.9600000000000001,0.06140350877192982
KNN,0.97,0.06140350877192982
KNN,0.98,0.06140350877192982
KNN,0.99,0.06140350877192982
NaiveBayes,0.01,0.4961899698741804
NaiveBayes,0.02,0.49230218403150733
NaiveBayes,0.03,0.4795623078314342
NaiveBayes,0.04,0.4755116959064327
NaiveBayes,0.05,0.4713758079409049
NaiveBayes,0.060000000000000005,0.4677118327734229
NaiveBayes,0.06999999999999999,0.4634974533106961
NaiveBayes,0.08,0.45919145690312735
NaiveBayes,0.09,0.4547908232118758
NaiveBayes,0.09999999999999999,0.4502923976608187
NaiveBayes,0.11,0.44569288389513106
NaiveBayes,0.12,0.4409888357256778
NaiveBayes,0.13,0.4361766485178463
NaiveBayes,0.14,0.43125254997960016
NaiveBayes,0.15000000000000002,0.42621259029927755
NaiveBayes,0.16,0.42105263157894735
NaiveBayes,0.17,0.4157683365039103
NaiveBayes,0.18000000000000002,0.4103551561831408
NaiveBayes,0.19,0.4048083170890188
NaiveBayes,0.2,0.3991228070175438
NaiveBayes,0.21000000000000002,0.393293359982234
NaiveBayes,0.22,0.3873144399460189
NaiveBayes,0.23,0.3724082934609251
NaiveBayes,0.24000000000000002,0.36611265004616805
NaiveBayes,0.25,0.35964912280701755
NaiveBayes,0.26,0.3530109056424846
NaiveBayes,0.27,0.3461908195145398
NaiveBayes,0.28,0.3391812865497076
NaiveBayes,0.29000000000000004,0.33197430195206323
NaiveBayes,0.3,0.32456140350877194
NaiveBayes,0.31,0.3169336384439359
NaiveBayes,0.32,0.3090815273477812
NaiveBayes,0.33,0.3009950248756219
NaiveBayes,0.34,0.2926634768740032
NaiveBayes,0.35000000000000003,0.2840755735492577
NaiveBayes,0.36000000000000004,0.275219298245614
NaiveBayes,0.37,0.26608187134502925
NaiveBayes,0.38,0.256649688737974
NaiveBayes,0.39,0.2525165372447512
NaiveBayes,0.4,0.24269005847953212
NaiveBayes,0.41000000000000003,0.23253047873922092
NaiveBayes,0.42000000000000004,0.22202056866303688
NaiveBayes,0.43,0.21114188981224996
NaiveBayes,0.44,0.19987468671679198
NaiveBayes,0.45,0.18819776714513559
NaiveBayes,0.46,0.1760883690708252
NaiveBayes,0.47000000000000003,0.17130089374379348
NaiveBayes,0.48000000000000004,0.15856950067476383
NaiveBayes,0.49,0.14533883728930175
NaiveBayes,0.5,0.13157894736842107
NaiveBayes,0.51,0.11725742928750449
NaiveBayes,0.52,0.10233918128654967
NaiveBayes,0.53,0.0867861142217245
NaiveBayes,0.54,0.07055682684973302
NaiveBayes,0.55,0.053606237816764046
NaiveBayes,0.56,0.027113237639553367
NaiveBayes,0.5700000000000001,0.008567931456548217
NaiveBayes,0.5800000000000001,-0.010860484544695237
NaiveBayes,0.59,-0.018613607188703418
NaiveBayes,0.6,-0.04824561403508765
NaiveBayes,0.61,-0.07017543859649122
NaiveBayes,0.62,-0.09325946445060018
NaiveBayes,0.63,-0.11759127548601234
NaiveBayes,0.64,-0.14327485380116967
NaiveBayes,0.65,-0.17042606516290737
NaiveBayes,0.66,-0.19917440660474728
NaiveBayes,0.67,-0.22966507177033513
NaiveBayes,0.68,-0.26206140350877205
NaiveBayes,0.6900000000000001,-0.296547821165818
NaiveBayes,0.7000000000000001,-0.3128654970760235
NaiveBayes,0.7100000000000001,-0.35117967332123445
NaiveBayes,0.72,-0.3922305764411026
NaiveBayes,0.73,-0.43632228719947996
NaiveBayes,0.74,-0.4925775978407556
NaiveBayes,0.75,-0.543859649122807
NaiveBayes,0.76,-0.5994152046783626
NaiveBayes,0.77,-0.6304347826086957
NaiveBayes,0.78,-0.7033492822966507
NaiveBayes,0.79,-0.7736006683375107
NaiveBayes,0.8,-0.8508771929824563
NaiveBayes,0.81,-0.9076638965835644
NaiveBayes,0.8200000000000001,-1.0000000000000004
NaiveBayes,0.8300000000000001,-1.0603715170278645
NaiveBayes,0.8400000000000001,-1.1732456140350889
NaiveBayes,0.85,-1.2514619883040932
NaiveBayes,0.86,-1.402255639097744
NaiveBayes,0.87,-1.5074224021592442
NaiveBayes,0.88,-1.6929824561403513
NaiveBayes,0.89,-1.8413078149920257
NaiveBayes,0.9,-2.0964912280701755
NaiveBayes,0.91,-2.408382066276804
NaiveBayes,0.92,-2.8070175438596507
NaiveBayes,0.93,-3.2005012531328347
NaiveBayes,0.9400000000000001,-3.7192982456140387
NaiveBayes,0.9500000000000001,-4.438596491228078
NaiveBayes,0.9600000000000001,-5.30701754385966
NaiveBayes,0.97,-6.429824561403503
NaiveBayes,0.98,-9.10526315789473
NaiveBayes,0.99,-15.307017543859635
XGBoost,0.01,0.5570618465355307
XGBoost,0.02,0.543859649122807
XGBoost,0.03,0.530566105986616
XGBoost,0.04,0.5171783625730995
XGBoost,0.05,0.5124653739612188
XGBoost,0.060000000000000005,0.507652108995894
XGBoost,0.06999999999999999,0.5040558385210337
XGBoost,0.08,0.48169336384439365
XGBoost,0.09,0.47676884518989787
XGBoost,0.09999999999999999,0.47270955165692013
XGBoost,0.11,0.4687561600630791
XGBoost,0.12,0.46371610845295064
XGBoost,0.13,0.45856019358741684
XGBoost,0.14,0.4547123623011016
XGBoost,0.15000000000000002,0.4494324045407637
XGBoost,0.16,0.44402673350041777
XGBoost,0.17,0.4384908053265695
XGBoost,0.18000000000000002,0.4347454000855798
XGBoost,0.19,0.4311241065627031
XGBoost,0.2,0.4276315789473685
XGBoost,0.21000000000000002,0.42194092827004226
XGBoost,0.22,0.40733243364822314
XGBoost,0.23,0.40134426976532245
XGBoost,0.24000000000000002,0.39519852262234534
XGBoost,0.25,0.3801169590643275
XGBoost,0.26,0.3560929350403035
XGBoost,0.27,0.35267964431627014
XGBoost,0.28,0.3494152046783625
XGBoost,0.29000000000000004,0.3251791450457129
XGBoost,0.3,0.32205513784461154
XGBoost,0.31,0.30638189677091276
XGBoost,0.32,0.29463364293085653
XGBoost,0.33,0.2875098193244304
XGBoost,0.34,0.27591706539074956
XGBoost,0.35000000000000003,0.2597840755735492
XGBoost,0.36000000000000004,0.26699561403508765
XGBoost,0.37,0.2598162071846282
XGBoost,0.38,0.2631578947368421
XGBoost,0.39,0.25596778832326716
XGBoost,0.4,0.24561403508771926
XGBoost,0.41000000000000003,0.23550401427297055
XGBoost,0.42000000000000004,0.22807017543859645
XGBoost,0.43,0.2269929208987381
XGBoost,0.44,0.22619047619047622
XGBoost,0.45,0.23285486443381184
XGBoost,0.46,0.22547108512020794
XGBoost,0.47000000000000003,0.2168156239655743
XGBoost,0.48000000000000004,0.20917678812415652
XGBoost,0.49,0.20966632266941865
XGBoost,0.5,0.18421052631578946
XGBoost,0.51,0.1759756534192624
XGBoost,0.52,0.1673976608187134
XGBoost,0.53,0.15957446808510636
XGBoost,0.54,0.16094584286803967
XGBoost,0.55,0.15204678362573096
XGBoost,0.56,0.1427432216905901
XGBoost,0.5700000000000001,0.15626274989800076
XGBoost,0.5800000000000001,0.1712614870509607
XGBoost,0.59,0.175224646983312
XGBoost,0.6,0.15789473684210528
XGBoost,0.61,0.148897885739991
XGBoost,0.62,0.14496768236380428
XGBoost,0.63,0.13560929350403036
XGBoost,0.64,0.11695906432748535
XGBoost,0.65,0.09774436090225563
XGBoost,0.66,0.07791537667698656
XGBoost,0.67,0.04864433811802227
XGBoost,0.68,0.046052631578947345
XGBoost,0.6900000000000001,0.03367289190718725
XGBoost,0.7000000000000001,0.06140350877192979
XGBoost,0.7100000000000001,0.053236539624924306
XGBoost,0.72,0.04135338345864667
XGBoost,0.73,0.0523066926575699
XGBoost,0.74,0.03981106612685564
XGBoost,0.75,0.00877192982456143
XGBoost,0.76,-0.023391812865497075
XGBoost,0.77,-0.0392829900839054
XGBoost,0.78,-0.06937799043062204
XGBoost,0.79,-0.07101086048454475
XGBoost,0.8,-0.07894736842105268
XGBoost,0.81,-0.09510618651892896
XGBoost,0.8200000000000001,-0.12183235867446401
XGBoost,0.8300000000000001,-0.06501547987616108
XGBoost,0.8400000000000001,-0.08991228070175453
XGBoost,0.85,-0.07602339181286547
XGBoost,0.86,-0.0927318295739348
XGBoost,0.87,-0.11201079622132251
XGBoost,0.88,-0.14327485380116958
XGBoost,0.89,-0.16985645933014357
XGBoost,0.9,-0.21052631578947373
XGBoost,0.91,-0.24951267056530224
XGBoost,0.92,-0.19736842105263175
XGBoost,0.93,-0.25313283208020076
XGBoost,0.9400000000000001,-0.17836257309941547
XGBoost,0.9500000000000001,-0.07894736842105288
XGBoost,0.9600000000000001,-0.14912280701754427
XGBoost,0.97,-0.22222222222222196
XGBoost,0.98,0.043859649122807015
XGBoost,0.99,0.017543859649122806
LightGBM,0.01,0.5482899167109694
LightGBM,0.02,0.5350877192982456
LightGBM,0.03,0.5223367697594502
LightGBM,0.04,0.5091374269005847
LightGBM,0.05,0.5046168051708217
LightGBM,0.060000000000000005,0.48413587159387833
LightGBM,0.06999999999999999,0.48104131295981895
LightGBM,0.08,0.4679633867276888
LightGBM,0.09,0.4547908232118758
LightGBM,0.09999999999999999,0.45126705653021437
LightGBM,0.11,0.43800512517248175
LightGBM,0.12,0.43341307814992025
LightGBM,0.13,0.4111716071788667
LightGBM,0.14,0.40636474908200737
LightGBM,0.15000000000000002,0.392672858617131
LightGBM,0.16,0.38763575605680867
LightGBM,0.17,0.38247727753117733
LightGBM,0.18000000000000002,0.3684210526315789
LightGBM,0.19,0.3630062811349361
LightGBM,0.2,0.3574561403508772
LightGBM,0.21000000000000002,0.3517654896735509
LightGBM,0.22,0.3459289248762933
LightGBM,0.23,0.34256094782410573
LightGBM,0.24000000000000002,0.3365650969529086
LightGBM,0.25,0.33333333333333337
LightGBM,0.26,0.31839734471313413
LightGBM,0.27,0.3185532323960586
LightGBM,0.28,0.30701754385964913
LightGBM,0.29000000000000004,0.2992340004941932
LightGBM,0.3,0.2969924812030075
LightGBM,0.31,0.29099923722349347
LightGBM,0.32,0.29308565531475744
LightGBM,0.33,0.2914375490966221
LightGBM,0.34,0.2854864433811802
LightGBM,0.35000000000000003,0.2887989203778677
LightGBM,0.36000000000000004,0.2741228070175439
LightGBM,0.37,0.2680311890838207
LightGBM,0.38,0.2617430673457838
LightGBM,0.39,0.2664653436870866
LightGBM,0.4,0.24853801169590642
LightGBM,0.41000000000000003,0.2545346416889682
LightGBM,0.42000000000000004,0.24863883847549909
LightGBM,0.43,0.24253616497383815
LightGBM,0.44,0.23621553884711782
LightGBM,0.45,0.2368421052631579
LightGBM,0.46,0.18648473034437946
LightGBM,0.47000000000000003,0.17974180734856007
LightGBM,0.48000000000000004,0.17273954116059378
LightGBM,0.49,0.16546267629858963
LightGBM,0.5,0.15789473684210525
LightGBM,0.51,0.17740780522735408
LightGBM,0.52,0.17982456140350875
LightGBM,0.53,0.16405375139977602
LightGBM,0.54,0.14797864225781843
LightGBM,0.55,0.13157894736842102
LightGBM,0.56,0.10606060606060605
LightGBM,0.5700000000000001,0.10934312525499792
LightGBM,0.5800000000000001,0.10108604845446947
LightGBM,0.59,0.05733846812152338
LightGBM,0.6,0.074561403508772
LightGBM,0.61,0.057354925775978394
LightGBM,0.62,0.04847645429362882
LightGBM,0.63,0.039118065433854904
LightGBM,0.64,0.02046783625730994
LightGBM,0.65,-2.7755575615628914e-17
LightGBM,0.66,-0.027863777089783298
LightGBM,0.67,-0.038809144072302015
LightGBM,0.68,-0.013157894736842146
LightGBM,0.6900000000000001,-0.0042444821731749405
LightGBM,0.7000000000000001,-0.00292397660818719
LightGBM,0.7100000000000001,0.033877797943133614
LightGBM,0.72,0.026315789473684237
LightGBM,0.73,0.018193632228719975
LightGBM,0.74,0.02564102564102566
LightGBM,0.75,0.017543859649122806
LightGBM,0.76,0.008771929824561375
LightGBM,0.77,-0.0007627765064835978
LightGBM,0.78,-0.011164274322169071
LightGBM,0.79,-0.031328320802005066
LightGBM,0.8,-0.052631578947368474
LightGBM,0.81,-0.08402585410895666
LightGBM,0.8200000000000001,-0.09941520467836265
LightGBM,0.8300000000000001,-0.11661506707946345
LightGBM,0.8400000000000001,-0.13596491228070196
LightGBM,0.85,-0.1578947368421052
LightGBM,0.86,-0.18295739348370926
LightGBM,0.87,-0.21187584345479077
LightGBM,0.88,-0.2543859649122807
LightGBM,0.89,-0.24082934609250403
LightGBM,0.9,-0.20175438596491233
LightGBM,0.91,-0.16081871345029247
LightGBM,0.92,-0.20614035087719315
LightGBM,0.93,-0.14536340852130342
LightGBM,0.9400000000000001,-0.18713450292397688
LightGBM,0.9500000000000001,-0.24561403508771978
LightGBM,0.9600000000000001,-0.3421052631578956
LightGBM,0.97,-0.5058479532163738
LightGBM,0.98,-0.37719298245613997
LightGBM,0.99,-0.8333333333333326
Treat All,0.01,0.5569732411837675
Treat All,0.02,0.5524525599713569
Treat All,0.03,0.547838668837041
Treat All,0.04,0.5431286549707602
Treat All,0.05,0.5383194829178208
Treat All,0.060000000000000005,0.5334079880552445
Treat All,0.06999999999999999,0.5283908696472364
Treat All,0.08,0.5232646834477498
Treat All,0.09,0.5180258338153074
Treat All,0.09999999999999999,0.5126705653021442
Treat All,0.11,0.5071949536763256
Treat All,0.12,0.5015948963317384
Treat All,0.13,0.4958661020367009
Treat All,0.14,0.49000407996736023
Treat All,0.15000000000000002,0.4840041279669762
Treat All,0.16,0.4778613199665831
Treat All,0.17,0.47157049249630095
Treat All,0.18000000000000002,0.4651262302096705
Treat All,0.19,0.4585228503357158
Treat All,0.2,0.45175438596491224
Treat All,0.21000000000000002,0.4448145680657339
Treat All,0.22,0.4376968061178587
Treat All,0.23,0.43039416723627244
Treat All,0.24000000000000002,0.42289935364727604
Treat All,0.25,0.4152046783625731
Treat All,0.26,0.4073020388809862
Treat All,0.27,0.3991828887286709
Treat All,0.28,0.3908382066276802
Treat All,0.29000000000000004,0.38225846305905603
Treat All,0.3,0.3734335839598997
Treat All,0.31,0.3643529112636663
Treat All,0.32,0.3550051599587203
Treat All,0.33,0.3453783713013877
Treat All,0.34,0.3354598617756511
Treat All,0.35000000000000003,0.3252361673414304
Treat All,0.36000000000000004,0.31469298245614025
Treat All,0.37,0.3038150932887774
Treat All,0.38,0.2925863044708545
Treat All,0.39,0.28098935864250785
Treat All,0.4,0.2690058479532163
Treat All,0.41000000000000003,0.25661611656259287
Treat All,0.42000000000000004,0.24379915305505134
Treat All,0.43,0.2305324715297014
Treat All,0.44,0.21679197994987465
Treat All,0.45,0.20255183413078148
Treat All,0.46,0.18778427550357368
Treat All,0.47000000000000003,0.1724594505130751
Treat All,0.48000000000000004,0.15654520917678805
Treat All,0.49,0.14000687994496042
Treat All,0.5,0.12280701754385959
Treat All,0.51,0.10490511994271384
Treat All,0.52,0.08625730994152031
Treat All,0.53,0.06681597611048884
Treat All,0.54,0.04652936689549947
Treat All,0.55,0.02534113060428833
Treat All,0.56,0.0031897926634767426
Treat All,0.5700000000000001,-0.019991840065279654
Treat All,0.5800000000000001,-0.044277360066834026
Treat All,0.59,-0.06974753958065893
Treat All,0.6,-0.0964912280701754
Treat All,0.61,-0.12460638776428257
Treat All,0.62,-0.1542012927054479
Treat All,0.63,-0.1853959222380276
Treat All,0.64,-0.21832358674463948
Treat All,0.65,-0.25313283208020076
Treat All,0.66,-0.28998968008255954
Treat All,0.67,-0.32908027644869775
Treat All,0.68,-0.3706140350877196
Treat All,0.6900000000000001,-0.41482739105829125
Treat All,0.7000000000000001,-0.4619883040935677
Treat All,0.7100000000000001,-0.5124016938898976
Treat All,0.72,-0.5664160401002507
Treat All,0.73,-0.6244314489928524
Treat All,0.74,-0.6869095816464237
Treat All,0.75,-0.7543859649122808
Treat All,0.76,-0.8274853801169593
Treat All,0.77,-0.9069412662090011
Treat All,0.78,-0.9936204146730465
Treat All,0.79,-1.088554720133668
Treat All,0.8,-1.1929824561403515
Treat All,0.81,-1.3084025854108963
Treat All,0.8200000000000001,-1.4366471734892796
Treat All,0.8300000000000001,-1.5799793601651198
Treat All,0.8400000000000001,-1.7412280701754406
Treat All,0.85,-1.9239766081871346
Treat All,0.86,-2.1328320802005014
Treat All,0.87,-2.3738191632928474
Treat All,0.88,-2.6549707602339185
Treat All,0.89,-2.987240829346093
Treat All,0.9,-3.385964912280703
Treat All,0.91,-3.8732943469785592
Treat All,0.92,-4.482456140350881
Treat All,0.93,-5.265664160401007
Treat All,0.9400000000000001,-6.309941520467843
Treat All,0.9500000000000001,-7.771929824561417
Treat All,0.9600000000000001,-9.964912280701775
Treat All,0.97,-13.619883040935662
Treat All,0.98,-20.929824561403493
Treat All,0.99,-42.85964912280698
Treat None,0.01,0.0
Treat None,0.02,0.0
Treat None,0.03,0.0
Treat None,0.04,0.0
Treat None,0.05,0.0
Treat None,0.060000000000000005,0.0
Treat None,0.06999999999999999,0.0
Treat None,0.08,0.0
Treat None,0.09,0.0
Treat None,0.09999999999999999,0.0
Treat None,0.11,0.0
Treat None,0.12,0.0
Treat None,0.13,0.0
Treat None,0.14,0.0
Treat None,0.15000000000000002,0.0
Treat None,0.16,0.0
Treat None,0.17,0.0
Treat None,0.18000000000000002,0.0
Treat None,0.19,0.0
Treat None,0.2,0.0
Treat None,0.21000000000000002,0.0
Treat None,0.22,0.0
Treat None,0.23,0.0
Treat None,0.24000000000000002,0.0
Treat None,0.25,0.0
Treat None,0.26,0.0
Treat None,0.27,0.0
Treat None,0.28,0.0
Treat None,0.29000000000000004,0.0
Treat None,0.3,0.0
Treat None,0.31,0.0
Treat None,0.32,0.0
Treat None,0.33,0.0
Treat None,0.34,0.0
Treat None,0.35000000000000003,0.0
Treat None,0.36000000000000004,0.0
Treat None,0.37,0.0
Treat None,0.38,0.0
Treat None,0.39,0.0
Treat None,0.4,0.0
Treat None,0.41000000000000003,0.0
Treat None,0.42000000000000004,0.0
Treat None,0.43,0.0
Treat None,0.44,0.0
Treat None,0.45,0.0
Treat None,0.46,0.0
Treat None,0.47000000000000003,0.0
Treat None,0.48000000000000004,0.0
Treat None,0.49,0.0
Treat None,0.5,0.0
Treat None,0.51,0.0
Treat None,0.52,0.0
Treat None,0.53,0.0
Treat None,0.54,0.0
Treat None,0.55,0.0
Treat None,0.56,0.0
Treat None,0.5700000000000001,0.0
Treat None,0.5800000000000001,0.0
Treat None,0.59,0.0
Treat None,0.6,0.0
Treat None,0.61,0.0
Treat None,0.62,0.0
Treat None,0.63,0.0
Treat None,0.64,0.0
Treat None,0.65,0.0
Treat None,0.66,0.0
Treat None,0.67,0.0
Treat None,0.68,0.0
Treat None,0.6900000000000001,0.0
Treat None,0.7000000000000001,0.0
Treat None,0.7100000000000001,0.0
Treat None,0.72,0.0
Treat None,0.73,0.0
Treat None,0.74,0.0
Treat None,0.75,0.0
Treat None,0.76,0.0
Treat None,0.77,0.0
Treat None,0.78,0.0
Treat None,0.79,0.0
Treat None,0.8,0.0
Treat None,0.81,0.0
Treat None,0.8200000000000001,0.0
Treat None,0.8300000000000001,0.0
Treat None,0.8400000000000001,0.0
Treat None,0.85,0.0
Treat None,0.86,0.0
Treat None,0.87,0.0
Treat None,0.88,0.0
Treat None,0.89,0.0
Treat None,0.9,0.0
Treat None,0.91,0.0
Treat None,0.92,0.0
Treat None,0.93,0.0
Treat None,0.9400000000000001,0.0
Treat None,0.9500000000000001,0.0
Treat None,0.9600000000000001,0.0
Treat None,0.97,0.0
Treat None,0.98,0.0
Treat None,0.99,0.0
